"Run","Scenario","Occurrence","StartUtc","WallSeconds","ProcessCpuSeconds","WorkingSetMiB"
"baseline-full","AxisShowsClockSecondsWhilePointDetailsRetainExplicitOffset","1","2026-10-05T18:37:34.3771229+00:00","3.2702184","2.40625","118.765625"
"baseline-full","FocusVerificationRejectsWrongRetainedTargetRatherThanRepairingIt","1","2026-10-05T18:37:37.6588410+00:00","0.8900339","0.640625","156.46484375"
"baseline-full","AxisShowsClockSecondsWhilePointDetailsRetainExplicitOffset","2","2026-10-05T18:37:38.5783763+00:00","0.4288343","0.484375","166.24609375"
"baseline-full","AxisShowsClockSecondsWhilePointDetailsRetainExplicitOffset","3","2026-10-05T18:37:39.1507637+00:00","0.4909328","0.28125","167.19921875"
"baseline-full","InitialOwnedPanelFitsTableAtDesktopWidthAndWrapsWithoutLosingAction","1","2026-10-05T18:37:39.7142079+00:00","3.9611847","2.234375","231.69921875"
"baseline-full","AxisShowsClockSecondsWhilePointDetailsRetainExplicitOffset","4","2026-10-05T18:37:43.7239112+00:00","0.2801567","0.25","233.49609375"
"baseline-full","InitialOwnedPanelFitsTableAtDesktopWidthAndWrapsWithoutLosingAction","2","2026-10-05T18:37:44.0180532+00:00","3.1503207","2.109375","443.2421875"
"baseline-full","AxisShowsClockSecondsWhilePointDetailsRetainExplicitOffset","5","2026-10-05T18:37:47.2471903+00:00","0.3269292","0.21875","439.921875"
"baseline-full","InitialOwnedPanelFitsTableAtDesktopWidthAndWrapsWithoutLosingAction","3","2026-10-05T18:37:47.5920413+00:00","2.5444775","1.765625","429.19140625"
"baseline-full","AxisShowsClockSecondsWhilePointDetailsRetainExplicitOffset","6","2026-10-05T18:37:50.2137514+00:00","0.5978287","0.53125","421.9453125"
"baseline-full","InitialOwnedPanelFitsTableAtDesktopWidthAndWrapsWithoutLosingAction","4","2026-10-05T18:37:50.8303757+00:00","2.9556904","1.890625","534.859375"
"baseline-full","CoincidentClosuresShareOneTargetPerCurrencyAndChartsDoNotShareActiveState","1","2026-10-05T18:37:53.8740751+00:00","0.5630059","0.296875","536.57421875"
"baseline-full","InitialOwnedPanelFitsTableAtDesktopWidthAndWrapsWithoutLosingAction","5","2026-10-05T18:37:54.4620053+00:00","3.0187046","2.328125","519.9453125"
"baseline-full","FullHeightRegionsHandOffOneGuideAndRetainKeyboardFocusWithSubtleThemeDrawing","1","2026-10-05T18:37:57.5121270+00:00","2.5260167","1.21875","498.0859375"
"baseline-full","InitialOwnedPanelFitsTableAtDesktopWidthAndWrapsWithoutLosingAction","6","2026-10-05T18:38:00.0910953+00:00","2.8168903","2.140625","475.83984375"
"baseline-full","FullHeightRegionsHandOffOneGuideAndRetainKeyboardFocusWithSubtleThemeDrawing","2","2026-10-05T18:38:02.9812699+00:00","1.9773656","1.03125","444.28125"
"baseline-full","InitialOwnedPanelFitsTableAtDesktopWidthAndWrapsWithoutLosingAction","7","2026-10-05T18:38:04.9842493+00:00","2.5583359","1.859375","422.1171875"
"baseline-full","FullHeightRegionsHandOffOneGuideAndRetainKeyboardFocusWithSubtleThemeDrawing","3","2026-10-05T18:38:07.6043748+00:00","2.1043305","1.09375","307.01171875"
"baseline-full","InitialOwnedPanelFitsTableAtDesktopWidthAndWrapsWithoutLosingAction","8","2026-10-05T18:38:09.7695887+00:00","3.2027666","2.5","430.94140625"
"baseline-full","FullHeightRegionsHandOffOneGuideAndRetainKeyboardFocusWithSubtleThemeDrawing","4","2026-10-05T18:38:13.0626192+00:00","1.7984893","1.40625","407.5078125"
"baseline-full","InitialOwnedPanelFitsTableAtDesktopWidthAndWrapsWithoutLosingAction","9","2026-10-05T18:38:14.9601750+00:00","3.0285689","2.890625","441.71875"
"baseline-full","GuideAndRegionsStayInPlotCoordinatesAcrossScrollResizeAndScopeChanges","1","2026-10-05T18:38:18.0493313+00:00","0.4783877","0.53125","447.4609375"
"baseline-full","InitialOwnedPanelFitsTableAtDesktopWidthAndWrapsWithoutLosingAction","10","2026-10-05T18:38:18.5652537+00:00","2.0364429","2.34375","516.75"
"baseline-full","ZeroHasGuideButUnavailableClosureDoesNotInventPointOrFillAcrossGap","1","2026-10-05T18:38:20.6964978+00:00","0.1882681","0.15625","517.18359375"
"baseline-full","InitialOwnedPanelFitsTableAtDesktopWidthAndWrapsWithoutLosingAction","11","2026-10-05T18:38:20.8980823+00:00","2.0942043","2.125","501.33984375"
"baseline-full","InitialOwnedPanelFitsTableAtDesktopWidthAndWrapsWithoutLosingAction","12","2026-10-05T18:38:23.2577851+00:00","1.9999862","2.0625","505.4140625"
"baseline-full","ResponsiveColumnsCenterNetFillViewportAndKeepAccountStableWithExpandedRows","1","2026-10-05T18:38:25.4832414+00:00","0.6540721","0.65625","530.4921875"
"baseline-full","ResponsiveColumnsCenterNetFillViewportAndKeepAccountStableWithExpandedRows","2","2026-10-05T18:38:26.2754991+00:00","0.717215","0.96875","485.01953125"
"baseline-full","ResponsiveColumnsCenterNetFillViewportAndKeepAccountStableWithExpandedRows","3","2026-10-05T18:38:27.1881005+00:00","0.8163863","0.8125","535.17578125"
"baseline-full","ResponsiveColumnsCenterNetFillViewportAndKeepAccountStableWithExpandedRows","4","2026-10-05T18:38:28.1243948+00:00","0.6793269","0.796875","534.90625"
"baseline-full","ResponsiveColumnsCenterNetFillViewportAndKeepAccountStableWithExpandedRows","5","2026-10-05T18:38:28.9097682+00:00","0.6087619","0.734375","498.5859375"
"baseline-full","ResponsiveColumnsCenterNetFillViewportAndKeepAccountStableWithExpandedRows","6","2026-10-05T18:38:29.6335995+00:00","0.6506159","0.765625","500.3125"
"baseline-full","ResponsiveColumnsCenterNetFillViewportAndKeepAccountStableWithExpandedRows","7","2026-10-05T18:38:30.4684768+00:00","0.7709321","0.75","502.30078125"
"baseline-full","ResponsiveColumnsCenterNetFillViewportAndKeepAccountStableWithExpandedRows","8","2026-10-05T18:38:31.3232133+00:00","0.6059138","0.765625","480"
"baseline-full","ResponsiveColumnsCenterNetFillViewportAndKeepAccountStableWithExpandedRows","9","2026-10-05T18:38:31.9921681+00:00","0.6448109","0.890625","499.26953125"
"baseline-full","ResponsiveColumnsCenterNetFillViewportAndKeepAccountStableWithExpandedRows","10","2026-10-05T18:38:32.7508779+00:00","0.6023108","0.828125","499.73828125"
"baseline-full","ResponsiveColumnsCenterNetFillViewportAndKeepAccountStableWithExpandedRows","11","2026-10-05T18:38:33.4071501+00:00","0.6171376","0.8125","510.39453125"
"baseline-full","ResponsiveColumnsCenterNetFillViewportAndKeepAccountStableWithExpandedRows","12","2026-10-05T18:38:34.1105113+00:00","0.596171","0.75","499.3671875"
"baseline-full","BackdropConsumesOneWholeClickAndAllClosePathsRestoreSelection","1","2026-10-05T18:38:34.7602579+00:00","2.6809604","1.984375","475.42578125"
"baseline-full","BackdropConsumesOneWholeClickAndAllClosePathsRestoreSelection","2","2026-10-05T18:38:37.5641138+00:00","2.6482045","2.796875","467.05078125"
"baseline-full","BackdropConsumesOneWholeClickAndAllClosePathsRestoreSelection","3","2026-10-05T18:38:40.3593975+00:00","2.6258379","2.359375","479.23046875"
"baseline-full","BackdropConsumesOneWholeClickAndAllClosePathsRestoreSelection","4","2026-10-05T18:38:43.2348007+00:00","2.6700695","2.921875","498.6015625"
"baseline-full","BackdropConsumesOneWholeClickAndAllClosePathsRestoreSelection","5","2026-10-05T18:38:46.0379735+00:00","2.5312478","2.34375","487.96484375"
"baseline-full","BackdropConsumesOneWholeClickAndAllClosePathsRestoreSelection","6","2026-10-05T18:38:48.7704038+00:00","2.6846084","2.5625","507.07421875"
"baseline-full","WindowControlsRetainModalAndDraftThenCloseInEveryState","1","2026-10-05T18:38:51.6704880+00:00","3.5148549","2.453125","650.7265625"
"baseline-full","WindowControlsRetainModalAndDraftThenCloseInEveryState","2","2026-10-05T18:38:55.3464638+00:00","3.0372191","3.390625","637.22265625"
"baseline-full","WindowControlsRetainModalAndDraftThenCloseInEveryState","3","2026-10-05T18:38:58.4918286+00:00","2.813795","3.4375","626.7265625"
"baseline-full","WindowControlsRetainModalAndDraftThenCloseInEveryState","4","2026-10-05T18:39:01.4974726+00:00","3.5607915","4.09375","622.7109375"
"baseline-full","ExpandedTradeUsesSharedEditorAndPreservesModalAtNarrowWidths","1","2026-10-05T18:39:05.1426610+00:00","0.6533315","0.796875","618.41796875"
"baseline-full","ExpandedTradeUsesSharedEditorAndPreservesModalAtNarrowWidths","2","2026-10-05T18:39:05.8218369+00:00","0.4467733","0.65625","612.65625"
"baseline-full","ExpandedTradeUsesSharedEditorAndPreservesModalAtNarrowWidths","3","2026-10-05T18:39:06.2849550+00:00","0.5803311","0.921875","635.54296875"
"baseline-full","ExpandedTradeUsesSharedEditorAndPreservesModalAtNarrowWidths","4","2026-10-05T18:39:06.8920642+00:00","0.4739849","0.609375","613.33984375"
"baseline-full","ClosingWhileLoadingCancelsReadAndRejectsItsLateResultWithoutClearingSelection","1","2026-10-05T18:39:07.4092223+00:00","1.3300717","1.28125","390.02734375"
"baseline-full","OwnedModalDimsCalendarClosesAndRestoresDateFocusWithoutJournalStatusService","1","2026-10-05T18:39:08.7881316+00:00","1.4451189","1.359375","384.11328125"
"baseline-full","OwnedModalDimsCalendarClosesAndRestoresDateFocusWithoutJournalStatusService","2","2026-10-05T18:39:10.3049350+00:00","1.5625451","2.078125","435.4921875"
"baseline-full","OwnedModalDimsCalendarClosesAndRestoresDateFocusWithoutJournalStatusService","3","2026-10-05T18:39:11.9148719+00:00","1.3008431","1.90625","425.28515625"
"baseline-full","OwnedModalDimsCalendarClosesAndRestoresDateFocusWithoutJournalStatusService","4","2026-10-05T18:39:13.3907713+00:00","1.2270419","1.78125","411.0234375"
"baseline-full","InlineExecutionBindingRendersExplicitOffsetInBothThemes","1","2026-10-05T18:39:14.6753559+00:00","0.391968","0.296875","392.36328125"
"baseline-full","InlineExecutionBindingRendersExplicitOffsetInBothThemes","2","2026-10-05T18:39:15.0858632+00:00","0.2555922","0.375","391.65234375"
"baseline-full","InlineExecutionBindingRendersExplicitOffsetInBothThemes","3","2026-10-05T18:39:15.3736311+00:00","0.3680748","0.640625","391.87109375"
"baseline-full","InlineExecutionBindingRendersExplicitOffsetInBothThemes","4","2026-10-05T18:39:15.7603982+00:00","0.3618404","0.640625","391.68359375"
"baseline-full","InlineExecutionBindingRendersExplicitOffsetInBothThemes","5","2026-10-05T18:39:16.1514580+00:00","0.3431309","0.40625","393.109375"
"baseline-full","InlineExecutionBindingRendersExplicitOffsetInBothThemes","6","2026-10-05T18:39:16.5850873+00:00","0.3072361","0.5","393.1640625"
"baseline-full","InlineExecutionBindingRendersExplicitOffsetInBothThemes","7","2026-10-05T18:39:16.9132747+00:00","0.3248875","0.5625","393.94921875"
"baseline-full","InlineExecutionBindingRendersExplicitOffsetInBothThemes","8","2026-10-05T18:39:17.2509012+00:00","0.319877","0.453125","394"
"baseline-full","JournalMarkersAndModalActionsStayCompactAcrossThemesAndSizes","1","2026-10-05T18:39:17.6187588+00:00","0.1699836","0.171875","393.875"
"baseline-full","JournalMarkersAndModalActionsStayCompactAcrossThemesAndSizes","2","2026-10-05T18:39:17.7994345+00:00","0.1643213","0.171875","396.171875"
"baseline-full","JournalMarkersAndModalActionsStayCompactAcrossThemesAndSizes","3","2026-10-05T18:39:17.9726386+00:00","0.1914306","0.21875","398.5546875"
"baseline-full","JournalMarkersAndModalActionsStayCompactAcrossThemesAndSizes","4","2026-10-05T18:39:18.1740051+00:00","0.1682699","0.265625","401.6796875"
"baseline-full","DetachedTableChecksWideAndNarrowLayoutRegardlessOfRunnerDesktop","1","2026-10-05T18:39:18.3564959+00:00","0.0973192","0.109375","401.7890625"
"baseline-full","DetachedTableChecksWideAndNarrowLayoutRegardlessOfRunnerDesktop","2","2026-10-05T18:39:18.4638014+00:00","0.0756967","0.078125","401.8203125"
"baseline-full","DetachedTableChecksWideAndNarrowLayoutRegardlessOfRunnerDesktop","3","2026-10-05T18:39:18.5506458+00:00","0.0739054","0.125","401.87890625"
"baseline-full","DetachedTableChecksWideAndNarrowLayoutRegardlessOfRunnerDesktop","4","2026-10-05T18:39:18.6366069+00:00","0.0991798","0.109375","402.83203125"
"baseline-full","DetachedTableChecksWideAndNarrowLayoutRegardlessOfRunnerDesktop","5","2026-10-05T18:39:18.7465324+00:00","0.071782","0.125","402.79296875"
"baseline-full","DetachedTableChecksWideAndNarrowLayoutRegardlessOfRunnerDesktop","6","2026-10-05T18:39:18.8282747+00:00","0.1077979","0.171875","402.83984375"
"baseline-full","DetachedTableChecksWideAndNarrowLayoutRegardlessOfRunnerDesktop","7","2026-10-05T18:39:18.9468920+00:00","0.0751579","0.140625","403.1484375"
"baseline-full","DetachedTableChecksWideAndNarrowLayoutRegardlessOfRunnerDesktop","8","2026-10-05T18:39:19.0329487+00:00","0.1077519","0.203125","407.37890625"
"baseline-full","JournalActionClosesProtectedModalBeforeNavigatingAndVetoKeepsTradeDraft","1","2026-10-05T18:39:19.1536551+00:00","1.0085207","0.828125","444.3125"
"baseline-full","JournalActionClosesProtectedModalBeforeNavigatingAndVetoKeepsTradeDraft","2","2026-10-05T18:39:20.1912723+00:00","1.2856499","2.046875","472.05859375"
"baseline-full","BackdropAndKeyboardCloseKeepInlineDraftUntilUserCancels","1","2026-10-05T18:39:21.5097743+00:00","0.3754247","0.40625","479.2109375"
"baseline-full","IntradayChartUsesClosureTimeStepsExactAccessibleTargetsAndUnknownGaps","1","2026-10-05T18:39:21.9039549+00:00","0.0765461","0.078125","477.046875"
"baseline-full","IntradayChartUsesClosureTimeStepsExactAccessibleTargetsAndUnknownGaps","2","2026-10-05T18:39:21.9886736+00:00","0.0453213","0.046875","475.02734375"
"baseline-full","ViewExpandsExactTradeWhileKeepingModalOpen","1","2026-10-05T18:39:22.0902266+00:00","1.0767948","0.890625","466.76171875"
"baseline-full","ViewExpandsExactTradeWhileKeepingModalOpen","2","2026-10-05T18:39:23.1934059+00:00","1.2213968","1.328125","463.69921875"
"native-isolated","AxisShowsClockSecondsWhilePointDetailsRetainExplicitOffset","1","2026-10-05T18:41:53.3151701+00:00","1.2141579","1.421875","121.34375"
"native-isolated","FocusVerificationRejectsWrongRetainedTargetRatherThanRepairingIt","1","2026-10-05T18:41:54.5343934+00:00","0.3528789","0.515625","162.1015625"
"native-isolated","AxisShowsClockSecondsWhilePointDetailsRetainExplicitOffset","2","2026-10-05T18:41:54.9041424+00:00","0.2694859","0.5625","171.44921875"
"native-isolated","InitialOwnedPanelFitsTableAtDesktopWidthAndWrapsWithoutLosingAction","1","2026-10-05T18:41:55.1816633+00:00","1.7523237","1.59375","244.78125"
"native-isolated","AxisShowsClockSecondsWhilePointDetailsRetainExplicitOffset","3","2026-10-05T18:41:56.9657229+00:00","0.2216457","0.3125","244.51171875"
"native-isolated","InitialOwnedPanelFitsTableAtDesktopWidthAndWrapsWithoutLosingAction","2","2026-10-05T18:41:57.1915464+00:00","1.5049287","1.5","420.9765625"
"native-isolated","AxisShowsClockSecondsWhilePointDetailsRetainExplicitOffset","4","2026-10-05T18:41:58.7019753+00:00","0.1567605","0.15625","422.640625"
"native-isolated","InitialOwnedPanelFitsTableAtDesktopWidthAndWrapsWithoutLosingAction","3","2026-10-05T18:41:58.8631132+00:00","1.1748303","1.171875","410.421875"
"native-isolated","AxisShowsClockSecondsWhilePointDetailsRetainExplicitOffset","5","2026-10-05T18:42:00.0599798+00:00","0.1635861","0.21875","410.55078125"
"native-isolated","InitialOwnedPanelFitsTableAtDesktopWidthAndWrapsWithoutLosingAction","4","2026-10-05T18:42:00.2391062+00:00","1.2428849","1.515625","553.19921875"
"native-isolated","AxisShowsClockSecondsWhilePointDetailsRetainExplicitOffset","6","2026-10-05T18:42:01.4927081+00:00","0.1728544","0.21875","563.93359375"
"native-isolated","InitialOwnedPanelFitsTableAtDesktopWidthAndWrapsWithoutLosingAction","5","2026-10-05T18:42:01.6736409+00:00","1.2048735","1.359375","591.35546875"
"native-isolated","CoincidentClosuresShareOneTargetPerCurrencyAndChartsDoNotShareActiveState","1","2026-10-05T18:42:02.8991770+00:00","0.2800641","0.328125","595.046875"
"native-isolated","InitialOwnedPanelFitsTableAtDesktopWidthAndWrapsWithoutLosingAction","6","2026-10-05T18:42:03.1869072+00:00","1.2700663","1.875","609.51171875"
"native-isolated","FullHeightRegionsHandOffOneGuideAndRetainKeyboardFocusWithSubtleThemeDrawing","1","2026-10-05T18:42:04.4921102+00:00","1.3737865","0.78125","509.98046875"
"native-isolated","InitialOwnedPanelFitsTableAtDesktopWidthAndWrapsWithoutLosingAction","7","2026-10-05T18:42:05.8818218+00:00","1.5686649","1.3125","469.3203125"
"native-isolated","FullHeightRegionsHandOffOneGuideAndRetainKeyboardFocusWithSubtleThemeDrawing","2","2026-10-05T18:42:07.4643647+00:00","1.3333526","1.421875","452.984375"
"native-isolated","InitialOwnedPanelFitsTableAtDesktopWidthAndWrapsWithoutLosingAction","8","2026-10-05T18:42:08.8065049+00:00","1.6133943","1.71875","480.57421875"
"native-isolated","FullHeightRegionsHandOffOneGuideAndRetainKeyboardFocusWithSubtleThemeDrawing","3","2026-10-05T18:42:10.4459579+00:00","1.2685899","1.296875","459.515625"
"native-isolated","InitialOwnedPanelFitsTableAtDesktopWidthAndWrapsWithoutLosingAction","9","2026-10-05T18:42:11.7234214+00:00","1.4759362","1.796875","474.03125"
"native-isolated","FullHeightRegionsHandOffOneGuideAndRetainKeyboardFocusWithSubtleThemeDrawing","4","2026-10-05T18:42:13.2134419+00:00","1.2807965","1.453125","453.53515625"
"native-isolated","InitialOwnedPanelFitsTableAtDesktopWidthAndWrapsWithoutLosingAction","10","2026-10-05T18:42:14.5003324+00:00","1.4464816","1.609375","528.5546875"
"native-isolated","GuideAndRegionsStayInPlotCoordinatesAcrossScrollResizeAndScopeChanges","1","2026-10-05T18:42:16.0352174+00:00","0.2864103","0.296875","534.10546875"
"native-isolated","InitialOwnedPanelFitsTableAtDesktopWidthAndWrapsWithoutLosingAction","11","2026-10-05T18:42:16.3405457+00:00","1.2410072","1.59375","507.11328125"
"native-isolated","ZeroHasGuideButUnavailableClosureDoesNotInventPointOrFillAcrossGap","1","2026-10-05T18:42:17.5940070+00:00","0.1432103","0.1875","508.02734375"
"native-isolated","InitialOwnedPanelFitsTableAtDesktopWidthAndWrapsWithoutLosingAction","12","2026-10-05T18:42:17.7428624+00:00","1.2918524","1.515625","534.265625"
"native-isolated","ResponsiveColumnsCenterNetFillViewportAndKeepAccountStableWithExpandedRows","1","2026-10-05T18:42:19.0756159+00:00","0.4262634","0.421875","536.93359375"
"native-isolated","ResponsiveColumnsCenterNetFillViewportAndKeepAccountStableWithExpandedRows","2","2026-10-05T18:42:19.5136668+00:00","0.3805716","0.53125","499.078125"
"native-isolated","ResponsiveColumnsCenterNetFillViewportAndKeepAccountStableWithExpandedRows","3","2026-10-05T18:42:19.9064776+00:00","0.3730432","0.484375","525.3984375"
"native-isolated","ResponsiveColumnsCenterNetFillViewportAndKeepAccountStableWithExpandedRows","4","2026-10-05T18:42:20.3087178+00:00","0.4408384","0.59375","538.4765625"
"native-isolated","ResponsiveColumnsCenterNetFillViewportAndKeepAccountStableWithExpandedRows","5","2026-10-05T18:42:20.7635055+00:00","0.4173088","0.75","492.32421875"
"native-isolated","ResponsiveColumnsCenterNetFillViewportAndKeepAccountStableWithExpandedRows","6","2026-10-05T18:42:21.1978525+00:00","0.3542754","0.515625","505.50390625"
"native-isolated","ResponsiveColumnsCenterNetFillViewportAndKeepAccountStableWithExpandedRows","7","2026-10-05T18:42:21.5674841+00:00","0.3816591","0.625","497.62890625"
"native-isolated","ResponsiveColumnsCenterNetFillViewportAndKeepAccountStableWithExpandedRows","8","2026-10-05T18:42:21.9721542+00:00","0.4338544","0.65625","526.609375"
"native-isolated","ResponsiveColumnsCenterNetFillViewportAndKeepAccountStableWithExpandedRows","9","2026-10-05T18:42:22.4249726+00:00","0.3421963","0.359375","525.07421875"
"native-isolated","ResponsiveColumnsCenterNetFillViewportAndKeepAccountStableWithExpandedRows","10","2026-10-05T18:42:22.7796736+00:00","0.4011853","0.65625","506.9296875"
"native-isolated","ResponsiveColumnsCenterNetFillViewportAndKeepAccountStableWithExpandedRows","11","2026-10-05T18:42:23.1957327+00:00","0.4037215","0.65625","544.19921875"
"native-isolated","ResponsiveColumnsCenterNetFillViewportAndKeepAccountStableWithExpandedRows","12","2026-10-05T18:42:23.6387359+00:00","0.3511007","0.671875","531.57421875"
"native-isolated","BackdropConsumesOneWholeClickAndAllClosePathsRestoreSelection","1","2026-10-05T18:42:24.0006348+00:00","2.1461808","1.640625","478.671875"
"native-isolated","BackdropConsumesOneWholeClickAndAllClosePathsRestoreSelection","2","2026-10-05T18:42:26.1891499+00:00","2.1222718","2.390625","476.203125"
"native-isolated","BackdropConsumesOneWholeClickAndAllClosePathsRestoreSelection","3","2026-10-05T18:42:28.3326251+00:00","2.3331561","2.53125","490.68359375"
"native-isolated","BackdropConsumesOneWholeClickAndAllClosePathsRestoreSelection","4","2026-10-05T18:42:30.7096200+00:00","2.1194946","2.21875","515.46484375"
"native-isolated","BackdropConsumesOneWholeClickAndAllClosePathsRestoreSelection","5","2026-10-05T18:42:32.8545195+00:00","2.0115694","2.1875","497.77734375"
"native-isolated","BackdropConsumesOneWholeClickAndAllClosePathsRestoreSelection","6","2026-10-05T18:42:34.8968770+00:00","2.051669","2.5625","512.4609375"
"native-isolated","WindowControlsRetainModalAndDraftThenCloseInEveryState","1","2026-10-05T18:42:37.0053789+00:00","2.1559927","1.5625","608.62890625"
"native-isolated","WindowControlsRetainModalAndDraftThenCloseInEveryState","2","2026-10-05T18:42:39.2054977+00:00","2.1904536","2.484375","608.41796875"
"native-isolated","WindowControlsRetainModalAndDraftThenCloseInEveryState","3","2026-10-05T18:42:41.4083513+00:00","2.1779225","3.25","652.953125"
"native-isolated","WindowControlsRetainModalAndDraftThenCloseInEveryState","4","2026-10-05T18:42:43.6750424+00:00","2.6718198","3.109375","651.5859375"
"native-isolated","ExpandedTradeUsesSharedEditorAndPreservesModalAtNarrowWidths","1","2026-10-05T18:42:46.4560299+00:00","0.5173028","0.578125","632.59375"
"native-isolated","ExpandedTradeUsesSharedEditorAndPreservesModalAtNarrowWidths","2","2026-10-05T18:42:46.9915312+00:00","0.3654842","0.484375","610.18359375"
"native-isolated","ExpandedTradeUsesSharedEditorAndPreservesModalAtNarrowWidths","3","2026-10-05T18:42:47.3732609+00:00","0.4055449","0.609375","608.23828125"
"native-isolated","ExpandedTradeUsesSharedEditorAndPreservesModalAtNarrowWidths","4","2026-10-05T18:42:47.7931906+00:00","0.3837338","0.6875","600.27734375"
"native-isolated","ClosingWhileLoadingCancelsReadAndRejectsItsLateResultWithoutClearingSelection","1","2026-10-05T18:42:48.1910700+00:00","0.9874162","0.6875","610.234375"
"native-isolated","OwnedModalDimsCalendarClosesAndRestoresDateFocusWithoutJournalStatusService","1","2026-10-05T18:42:49.2064764+00:00","1.0593731","1.015625","556.84375"
"native-isolated","OwnedModalDimsCalendarClosesAndRestoresDateFocusWithoutJournalStatusService","2","2026-10-05T18:42:50.2844646+00:00","1.1320132","1.234375","569.6328125"
"native-isolated","OwnedModalDimsCalendarClosesAndRestoresDateFocusWithoutJournalStatusService","3","2026-10-05T18:42:51.4353004+00:00","1.3620541","1.046875","526.26953125"
"native-isolated","OwnedModalDimsCalendarClosesAndRestoresDateFocusWithoutJournalStatusService","4","2026-10-05T18:42:52.8302495+00:00","1.1050667","0.703125","512.0625"
"native-isolated","InlineExecutionBindingRendersExplicitOffsetInBothThemes","1","2026-10-05T18:42:53.9516465+00:00","0.3115327","0.234375","492.08984375"
"native-isolated","InlineExecutionBindingRendersExplicitOffsetInBothThemes","2","2026-10-05T18:42:54.2807764+00:00","0.2985152","0.25","492.12890625"
"native-isolated","InlineExecutionBindingRendersExplicitOffsetInBothThemes","3","2026-10-05T18:42:54.5970467+00:00","0.3283318","0.28125","492.31640625"
"native-isolated","InlineExecutionBindingRendersExplicitOffsetInBothThemes","4","2026-10-05T18:42:54.9369033+00:00","0.3009595","0.34375","482.42578125"
"native-isolated","InlineExecutionBindingRendersExplicitOffsetInBothThemes","5","2026-10-05T18:42:55.2739251+00:00","0.289789","0.234375","482.671875"
"native-isolated","InlineExecutionBindingRendersExplicitOffsetInBothThemes","6","2026-10-05T18:42:55.5816009+00:00","0.3143569","0.28125","485.78515625"
"native-isolated","InlineExecutionBindingRendersExplicitOffsetInBothThemes","7","2026-10-05T18:42:55.9114308+00:00","0.2981077","0.203125","486.015625"
"native-isolated","InlineExecutionBindingRendersExplicitOffsetInBothThemes","8","2026-10-05T18:42:56.2195578+00:00","0.3211643","0.234375","486.30859375"
"native-isolated","JournalMarkersAndModalActionsStayCompactAcrossThemesAndSizes","1","2026-10-05T18:42:56.5773816+00:00","0.1723523","0.171875","486.33203125"
"native-isolated","JournalMarkersAndModalActionsStayCompactAcrossThemesAndSizes","2","2026-10-05T18:42:56.7587063+00:00","0.1772297","0.1875","486.5625"
"native-isolated","JournalMarkersAndModalActionsStayCompactAcrossThemesAndSizes","3","2026-10-05T18:42:56.9454595+00:00","0.1779811","0.34375","490.87890625"
"native-isolated","JournalMarkersAndModalActionsStayCompactAcrossThemesAndSizes","4","2026-10-05T18:42:57.1391771+00:00","0.1489793","0.171875","493.38671875"
"native-isolated","DetachedTableChecksWideAndNarrowLayoutRegardlessOfRunnerDesktop","1","2026-10-05T18:42:57.3209700+00:00","0.1021043","0.125","494.90625"
"native-isolated","DetachedTableChecksWideAndNarrowLayoutRegardlessOfRunnerDesktop","2","2026-10-05T18:42:57.4343693+00:00","0.0945004","0.140625","495.11328125"
"native-isolated","DetachedTableChecksWideAndNarrowLayoutRegardlessOfRunnerDesktop","3","2026-10-05T18:42:57.5381099+00:00","0.0817265","0.15625","495.22265625"
"native-isolated","DetachedTableChecksWideAndNarrowLayoutRegardlessOfRunnerDesktop","4","2026-10-05T18:42:57.6332357+00:00","0.1175401","0.140625","497.4609375"
"native-isolated","DetachedTableChecksWideAndNarrowLayoutRegardlessOfRunnerDesktop","5","2026-10-05T18:42:57.7609175+00:00","0.0747918","0.109375","497.67578125"
"native-isolated","DetachedTableChecksWideAndNarrowLayoutRegardlessOfRunnerDesktop","6","2026-10-05T18:42:57.8473384+00:00","0.1202835","0.171875","497.91015625"
"native-isolated","DetachedTableChecksWideAndNarrowLayoutRegardlessOfRunnerDesktop","7","2026-10-05T18:42:57.9787889+00:00","0.0885777","0.171875","498.1171875"
"native-isolated","DetachedTableChecksWideAndNarrowLayoutRegardlessOfRunnerDesktop","8","2026-10-05T18:42:58.0764401+00:00","0.1005469","0.09375","502.33984375"
"native-isolated","JournalActionClosesProtectedModalBeforeNavigatingAndVetoKeepsTradeDraft","1","2026-10-05T18:42:58.1903254+00:00","1.0341171","0.828125","525.45703125"
"native-isolated","JournalActionClosesProtectedModalBeforeNavigatingAndVetoKeepsTradeDraft","2","2026-10-05T18:42:59.2433894+00:00","1.1081188","1.515625","529.36328125"
"native-isolated","BackdropAndKeyboardCloseKeepInlineDraftUntilUserCancels","1","2026-10-05T18:43:00.4467992+00:00","0.6085733","0.515625","524.49609375"
"native-isolated","IntradayChartUsesClosureTimeStepsExactAccessibleTargetsAndUnknownGaps","1","2026-10-05T18:43:01.0688243+00:00","0.1082137","0.125","527.54296875"
"native-isolated","IntradayChartUsesClosureTimeStepsExactAccessibleTargetsAndUnknownGaps","2","2026-10-05T18:43:01.1866413+00:00","0.0619866","0.046875","525.7421875"
"native-isolated","ViewExpandsExactTradeWhileKeepingModalOpen","1","2026-10-05T18:43:01.3096923+00:00","1.273112","1.03125","510.55859375"
"native-isolated","ViewExpandsExactTradeWhileKeepingModalOpen","2","2026-10-05T18:43:02.6362527+00:00","1.4246679","1.296875","435.25390625"
"native-isolated","ClosedModalRetainsDateFocusAcrossCompetingWindowActivation","1","2026-10-05T18:43:04.0901565+00:00","1.4506975","0.78125","423.26953125"
"native-infrastructure","AxisShowsClockSecondsWhilePointDetailsRetainExplicitOffset","1","2026-10-05T18:40:09.9838087+00:00","2.2672982","1.71875","122.7734375"
"native-infrastructure","FocusVerificationRejectsWrongRetainedTargetRatherThanRepairingIt","1","2026-10-05T18:40:12.2591478+00:00","0.4655064","0.625","160.40625"
"native-infrastructure","AxisShowsClockSecondsWhilePointDetailsRetainExplicitOffset","2","2026-10-05T18:40:12.7461211+00:00","0.4891171","0.59375","166.92578125"
"native-infrastructure","InitialOwnedPanelFitsTableAtDesktopWidthAndWrapsWithoutLosingAction","1","2026-10-05T18:40:13.2659797+00:00","2.7158893","1.9375","237.9765625"
"native-infrastructure","AxisShowsClockSecondsWhilePointDetailsRetainExplicitOffset","3","2026-10-05T18:40:16.0048469+00:00","0.240627","0.203125","245.8515625"
"native-infrastructure","InitialOwnedPanelFitsTableAtDesktopWidthAndWrapsWithoutLosingAction","2","2026-10-05T18:40:16.2578511+00:00","1.9039979","1.890625","416.9921875"
"native-infrastructure","AxisShowsClockSecondsWhilePointDetailsRetainExplicitOffset","4","2026-10-05T18:40:18.2279369+00:00","0.2811454","0.328125","421.71484375"
"native-infrastructure","InitialOwnedPanelFitsTableAtDesktopWidthAndWrapsWithoutLosingAction","3","2026-10-05T18:40:18.5232725+00:00","1.7542406","1.765625","410.30078125"
"native-infrastructure","AxisShowsClockSecondsWhilePointDetailsRetainExplicitOffset","5","2026-10-05T18:40:20.3377632+00:00","0.3334277","0.3125","409.5"
"native-infrastructure","InitialOwnedPanelFitsTableAtDesktopWidthAndWrapsWithoutLosingAction","4","2026-10-05T18:40:20.6956393+00:00","1.8202323","1.859375","506.83203125"
"native-infrastructure","AxisShowsClockSecondsWhilePointDetailsRetainExplicitOffset","6","2026-10-05T18:40:22.5731777+00:00","0.2431647","0.234375","510.94921875"
"native-infrastructure","InitialOwnedPanelFitsTableAtDesktopWidthAndWrapsWithoutLosingAction","5","2026-10-05T18:40:22.8251233+00:00","2.1574789","2.09375","554.125"
"native-infrastructure","CoincidentClosuresShareOneTargetPerCurrencyAndChartsDoNotShareActiveState","1","2026-10-05T18:40:25.0192081+00:00","0.4171043","0.40625","557.328125"
"native-infrastructure","InitialOwnedPanelFitsTableAtDesktopWidthAndWrapsWithoutLosingAction","6","2026-10-05T18:40:25.4453903+00:00","2.0421518","2.234375","494.14453125"
"native-infrastructure","FullHeightRegionsHandOffOneGuideAndRetainKeyboardFocusWithSubtleThemeDrawing","1","2026-10-05T18:40:27.5165305+00:00","1.5874687","0.78125","445.2421875"
"native-infrastructure","InitialOwnedPanelFitsTableAtDesktopWidthAndWrapsWithoutLosingAction","7","2026-10-05T18:40:29.1612870+00:00","2.7010697","2.109375","455.77734375"
"native-infrastructure","FullHeightRegionsHandOffOneGuideAndRetainKeyboardFocusWithSubtleThemeDrawing","2","2026-10-05T18:40:31.9510563+00:00","1.6122557","1.296875","421.48828125"
"native-infrastructure","InitialOwnedPanelFitsTableAtDesktopWidthAndWrapsWithoutLosingAction","8","2026-10-05T18:40:33.6268788+00:00","2.6841225","2.46875","444.78515625"
"native-infrastructure","FullHeightRegionsHandOffOneGuideAndRetainKeyboardFocusWithSubtleThemeDrawing","3","2026-10-05T18:40:36.3878300+00:00","1.6840961","1.28125","422.11328125"
"native-infrastructure","InitialOwnedPanelFitsTableAtDesktopWidthAndWrapsWithoutLosingAction","9","2026-10-05T18:40:38.1220593+00:00","2.2548044","1.984375","448.5078125"
"native-infrastructure","FullHeightRegionsHandOffOneGuideAndRetainKeyboardFocusWithSubtleThemeDrawing","4","2026-10-05T18:40:40.4377662+00:00","1.4159816","1.421875","428.9140625"
"native-infrastructure","InitialOwnedPanelFitsTableAtDesktopWidthAndWrapsWithoutLosingAction","10","2026-10-05T18:40:41.8706300+00:00","1.7750117","1.953125","559.3515625"
"native-infrastructure","GuideAndRegionsStayInPlotCoordinatesAcrossScrollResizeAndScopeChanges","1","2026-10-05T18:40:43.6703044+00:00","0.2904849","0.296875","561.6640625"
"native-infrastructure","InitialOwnedPanelFitsTableAtDesktopWidthAndWrapsWithoutLosingAction","11","2026-10-05T18:40:43.9976403+00:00","1.3057392","1.796875","541.29296875"
"native-infrastructure","ZeroHasGuideButUnavailableClosureDoesNotInventPointOrFillAcrossGap","1","2026-10-05T18:40:45.3252382+00:00","0.181099","0.21875","543.2734375"
"native-infrastructure","InitialOwnedPanelFitsTableAtDesktopWidthAndWrapsWithoutLosingAction","12","2026-10-05T18:40:45.5121475+00:00","1.4768258","1.890625","577.37109375"
"native-infrastructure","ResponsiveColumnsCenterNetFillViewportAndKeepAccountStableWithExpandedRows","1","2026-10-05T18:40:47.0522070+00:00","0.6226898","0.609375","561.69921875"
"native-infrastructure","ResponsiveColumnsCenterNetFillViewportAndKeepAccountStableWithExpandedRows","2","2026-10-05T18:40:47.6886562+00:00","0.3937353","0.5625","523.078125"
"native-infrastructure","ResponsiveColumnsCenterNetFillViewportAndKeepAccountStableWithExpandedRows","3","2026-10-05T18:40:48.0996093+00:00","0.402897","0.59375","534.89453125"
"native-infrastructure","ResponsiveColumnsCenterNetFillViewportAndKeepAccountStableWithExpandedRows","4","2026-10-05T18:40:48.5540434+00:00","0.4273148","0.5625","562.5859375"
"native-infrastructure","ResponsiveColumnsCenterNetFillViewportAndKeepAccountStableWithExpandedRows","5","2026-10-05T18:40:49.0187966+00:00","0.3753899","0.609375","521.625"
"native-infrastructure","ResponsiveColumnsCenterNetFillViewportAndKeepAccountStableWithExpandedRows","6","2026-10-05T18:40:49.4102711+00:00","0.3661975","0.375","521.8359375"
"native-infrastructure","ResponsiveColumnsCenterNetFillViewportAndKeepAccountStableWithExpandedRows","7","2026-10-05T18:40:49.8109280+00:00","0.4235059","0.640625","513.8515625"
"native-infrastructure","ResponsiveColumnsCenterNetFillViewportAndKeepAccountStableWithExpandedRows","8","2026-10-05T18:40:50.2478040+00:00","0.3545704","0.4375","505.2109375"
"native-infrastructure","ResponsiveColumnsCenterNetFillViewportAndKeepAccountStableWithExpandedRows","9","2026-10-05T18:40:50.6165449+00:00","0.3579318","0.453125","524.23828125"
"native-infrastructure","ResponsiveColumnsCenterNetFillViewportAndKeepAccountStableWithExpandedRows","10","2026-10-05T18:40:50.9856425+00:00","0.4056121","0.59375","520.74609375"
"native-infrastructure","ResponsiveColumnsCenterNetFillViewportAndKeepAccountStableWithExpandedRows","11","2026-10-05T18:40:51.4127425+00:00","0.3899848","0.5","508.48828125"
"native-infrastructure","ResponsiveColumnsCenterNetFillViewportAndKeepAccountStableWithExpandedRows","12","2026-10-05T18:40:51.8169490+00:00","0.3559543","0.625","519.89453125"
"native-infrastructure","BackdropConsumesOneWholeClickAndAllClosePathsRestoreSelection","1","2026-10-05T18:40:52.2001228+00:00","2.4006226","1.671875","491.25390625"
"native-infrastructure","BackdropConsumesOneWholeClickAndAllClosePathsRestoreSelection","2","2026-10-05T18:40:54.6369676+00:00","2.2095729","2.671875","451.50390625"
"native-infrastructure","BackdropConsumesOneWholeClickAndAllClosePathsRestoreSelection","3","2026-10-05T18:40:56.8947572+00:00","2.3267498","2.34375","470.61328125"
"native-infrastructure","BackdropConsumesOneWholeClickAndAllClosePathsRestoreSelection","4","2026-10-05T18:40:59.3645312+00:00","2.4203437","2.65625","476.30859375"
"native-infrastructure","BackdropConsumesOneWholeClickAndAllClosePathsRestoreSelection","5","2026-10-05T18:41:01.8425573+00:00","2.3101748","2.5","447.60546875"
"native-infrastructure","BackdropConsumesOneWholeClickAndAllClosePathsRestoreSelection","6","2026-10-05T18:41:04.1832726+00:00","2.2349441","2.6875","458.3125"
"native-infrastructure","WindowControlsRetainModalAndDraftThenCloseInEveryState","1","2026-10-05T18:41:06.4694716+00:00","2.1847646","1.875","583.6328125"
"native-infrastructure","WindowControlsRetainModalAndDraftThenCloseInEveryState","2","2026-10-05T18:41:08.6861341+00:00","2.4341318","2.953125","557.9296875"
"native-infrastructure","WindowControlsRetainModalAndDraftThenCloseInEveryState","3","2026-10-05T18:41:11.1463782+00:00","2.0483111","2.75","617.046875"
"native-infrastructure","WindowControlsRetainModalAndDraftThenCloseInEveryState","4","2026-10-05T18:41:13.2273982+00:00","2.7073174","3.515625","642.25"
"native-infrastructure","ExpandedTradeUsesSharedEditorAndPreservesModalAtNarrowWidths","1","2026-10-05T18:41:15.9710060+00:00","0.4743536","0.546875","605.5234375"
"native-infrastructure","ExpandedTradeUsesSharedEditorAndPreservesModalAtNarrowWidths","2","2026-10-05T18:41:16.4577461+00:00","0.3216124","0.390625","583.07421875"
"native-infrastructure","ExpandedTradeUsesSharedEditorAndPreservesModalAtNarrowWidths","3","2026-10-05T18:41:16.7907134+00:00","0.373263","0.5625","606.3203125"
"native-infrastructure","ExpandedTradeUsesSharedEditorAndPreservesModalAtNarrowWidths","4","2026-10-05T18:41:17.1771284+00:00","0.3463204","0.625","584.43359375"
"native-infrastructure","ClosingWhileLoadingCancelsReadAndRejectsItsLateResultWithoutClearingSelection","1","2026-10-05T18:41:17.5342766+00:00","1.043394","0.8125","582.01953125"
"native-infrastructure","OwnedModalDimsCalendarClosesAndRestoresDateFocusWithoutJournalStatusService","1","2026-10-05T18:41:18.6021259+00:00","1.1533101","1.203125","520.13671875"
"native-infrastructure","OwnedModalDimsCalendarClosesAndRestoresDateFocusWithoutJournalStatusService","2","2026-10-05T18:41:19.7859819+00:00","1.0912757","1.25","535.234375"
"native-infrastructure","OwnedModalDimsCalendarClosesAndRestoresDateFocusWithoutJournalStatusService","3","2026-10-05T18:41:20.9119521+00:00","1.289381","1.828125","498.73046875"
"native-infrastructure","OwnedModalDimsCalendarClosesAndRestoresDateFocusWithoutJournalStatusService","4","2026-10-05T18:41:22.2424236+00:00","1.3179584","1.609375","480.8359375"
"native-infrastructure","InlineExecutionBindingRendersExplicitOffsetInBothThemes","1","2026-10-05T18:41:23.5852354+00:00","0.3466294","0.21875","462.1484375"
"native-infrastructure","InlineExecutionBindingRendersExplicitOffsetInBothThemes","2","2026-10-05T18:41:23.9483025+00:00","0.3184291","0.25","461.8671875"
"native-infrastructure","InlineExecutionBindingRendersExplicitOffsetInBothThemes","3","2026-10-05T18:41:24.2868371+00:00","0.3060641","0.328125","462.046875"
"native-infrastructure","InlineExecutionBindingRendersExplicitOffsetInBothThemes","4","2026-10-05T18:41:24.6108757+00:00","0.3079197","0.1875","462.0859375"
"native-infrastructure","InlineExecutionBindingRendersExplicitOffsetInBothThemes","5","2026-10-05T18:41:24.9348937+00:00","0.3646023","0.4375","464.62890625"
"native-infrastructure","InlineExecutionBindingRendersExplicitOffsetInBothThemes","6","2026-10-05T18:41:25.3162454+00:00","0.2997612","0.21875","454.15625"
"native-infrastructure","InlineExecutionBindingRendersExplicitOffsetInBothThemes","7","2026-10-05T18:41:25.6343123+00:00","0.1840347","0.296875","457.80859375"
"native-infrastructure","InlineExecutionBindingRendersExplicitOffsetInBothThemes","8","2026-10-05T18:41:25.8374689+00:00","0.4230926","0.421875","458.06640625"
"native-infrastructure","JournalMarkersAndModalActionsStayCompactAcrossThemesAndSizes","1","2026-10-05T18:41:26.3123875+00:00","0.1637523","0.15625","461.48828125"
"native-infrastructure","JournalMarkersAndModalActionsStayCompactAcrossThemesAndSizes","2","2026-10-05T18:41:26.5036853+00:00","0.1586429","0.171875","465.0859375"
"native-infrastructure","JournalMarkersAndModalActionsStayCompactAcrossThemesAndSizes","3","2026-10-05T18:41:26.6819352+00:00","0.1606127","0.3125","469.12890625"
"native-infrastructure","JournalMarkersAndModalActionsStayCompactAcrossThemesAndSizes","4","2026-10-05T18:41:26.8550003+00:00","0.1842703","0.25","476.64453125"
"native-infrastructure","DetachedTableChecksWideAndNarrowLayoutRegardlessOfRunnerDesktop","1","2026-10-05T18:41:27.0507232+00:00","0.1403299","0.171875","479.109375"
"native-infrastructure","DetachedTableChecksWideAndNarrowLayoutRegardlessOfRunnerDesktop","2","2026-10-05T18:41:27.2005399+00:00","0.0912629","0.09375","479.12109375"
"native-infrastructure","DetachedTableChecksWideAndNarrowLayoutRegardlessOfRunnerDesktop","3","2026-10-05T18:41:27.2999688+00:00","0.0727697","0.0625","479.1640625"
"native-infrastructure","DetachedTableChecksWideAndNarrowLayoutRegardlessOfRunnerDesktop","4","2026-10-05T18:41:27.3818864+00:00","0.1014413","0.1875","479.31640625"
"native-infrastructure","DetachedTableChecksWideAndNarrowLayoutRegardlessOfRunnerDesktop","5","2026-10-05T18:41:27.4941985+00:00","0.0736166","0.125","479.4140625"
"native-infrastructure","DetachedTableChecksWideAndNarrowLayoutRegardlessOfRunnerDesktop","6","2026-10-05T18:41:27.5777569+00:00","0.1179972","0.125","479.48046875"
"native-infrastructure","DetachedTableChecksWideAndNarrowLayoutRegardlessOfRunnerDesktop","7","2026-10-05T18:41:27.7201433+00:00","0.0675209","0.0625","477.44140625"
"native-infrastructure","DetachedTableChecksWideAndNarrowLayoutRegardlessOfRunnerDesktop","8","2026-10-05T18:41:27.7959704+00:00","0.106899","0.140625","477.55078125"
"native-infrastructure","JournalActionClosesProtectedModalBeforeNavigatingAndVetoKeepsTradeDraft","1","2026-10-05T18:41:27.9237629+00:00","0.9633821","0.71875","459.93359375"
"native-infrastructure","JournalActionClosesProtectedModalBeforeNavigatingAndVetoKeepsTradeDraft","2","2026-10-05T18:41:28.9112504+00:00","1.1923635","1.703125","451.2109375"
"native-infrastructure","BackdropAndKeyboardCloseKeepInlineDraftUntilUserCancels","1","2026-10-05T18:41:30.1398287+00:00","0.34793","0.359375","470.328125"
"native-infrastructure","IntradayChartUsesClosureTimeStepsExactAccessibleTargetsAndUnknownGaps","1","2026-10-05T18:41:30.5019882+00:00","0.0510992","0.046875","453.87109375"
"native-infrastructure","IntradayChartUsesClosureTimeStepsExactAccessibleTargetsAndUnknownGaps","2","2026-10-05T18:41:30.5617720+00:00","0.0477133","0.046875","452.84765625"
"native-infrastructure","ViewExpandsExactTradeWhileKeepingModalOpen","1","2026-10-05T18:41:30.6615408+00:00","1.0054711","0.84375","442.6015625"
"native-infrastructure","ViewExpandsExactTradeWhileKeepingModalOpen","2","2026-10-05T18:41:31.6870102+00:00","1.0193497","0.6875","441.32421875"
"native-infrastructure","ClosedModalRetainsDateFocusAcrossCompetingWindowActivation","1","2026-10-05T18:41:32.9119992+00:00","1.3852771","0.703125","425.68359375"
"desktop-only","FocusVerificationRejectsWrongRetainedTargetRatherThanRepairingIt","1","2026-10-05T18:43:33.3901118+00:00","2.3499937","2.25","155.94921875"
"desktop-only","AxisShowsClockSecondsWhilePointDetailsRetainExplicitOffset","1","2026-10-05T18:43:35.7564925+00:00","0.5973876","0.9375","159.58984375"
"desktop-only","InitialOwnedPanelFitsTableAtDesktopWidthAndWrapsWithoutLosingAction","1","2026-10-05T18:43:36.3675290+00:00","2.2353248","1.953125","241.10546875"
"desktop-only","AxisShowsClockSecondsWhilePointDetailsRetainExplicitOffset","2","2026-10-05T18:43:38.6590429+00:00","0.3303783","0.28125","245.7421875"
"desktop-only","InitialOwnedPanelFitsTableAtDesktopWidthAndWrapsWithoutLosingAction","2","2026-10-05T18:43:38.9966833+00:00","2.1864311","1.890625","415.9375"
"desktop-only","AxisShowsClockSecondsWhilePointDetailsRetainExplicitOffset","3","2026-10-05T18:43:41.2052221+00:00","0.3099257","0.359375","419.890625"
"desktop-only","InitialOwnedPanelFitsTableAtDesktopWidthAndWrapsWithoutLosingAction","3","2026-10-05T18:43:41.5267829+00:00","1.9224676","1.796875","429.84375"
"desktop-only","AxisShowsClockSecondsWhilePointDetailsRetainExplicitOffset","4","2026-10-05T18:43:43.5021612+00:00","0.2149959","0.34375","428.94921875"
"desktop-only","InitialOwnedPanelFitsTableAtDesktopWidthAndWrapsWithoutLosingAction","4","2026-10-05T18:43:43.7367482+00:00","1.9085198","2.171875","561.84375"
"desktop-only","AxisShowsClockSecondsWhilePointDetailsRetainExplicitOffset","5","2026-10-05T18:43:45.7032918+00:00","0.2209155","0.3125","567.78515625"
"desktop-only","InitialOwnedPanelFitsTableAtDesktopWidthAndWrapsWithoutLosingAction","5","2026-10-05T18:43:45.9517637+00:00","2.5180755","2.15625","600.3984375"
"desktop-only","AxisShowsClockSecondsWhilePointDetailsRetainExplicitOffset","6","2026-10-05T18:43:48.5651476+00:00","0.2523396","0.34375","595.5"
"desktop-only","InitialOwnedPanelFitsTableAtDesktopWidthAndWrapsWithoutLosingAction","6","2026-10-05T18:43:48.8719010+00:00","2.8296222","2.390625","517.01953125"
"desktop-only","CoincidentClosuresShareOneTargetPerCurrencyAndChartsDoNotShareActiveState","1","2026-10-05T18:43:51.7999268+00:00","0.4136255","0.328125","495.56640625"
"desktop-only","InitialOwnedPanelFitsTableAtDesktopWidthAndWrapsWithoutLosingAction","7","2026-10-05T18:43:52.2988027+00:00","2.2527114","1.78125","481.5703125"
"desktop-only","FullHeightRegionsHandOffOneGuideAndRetainKeyboardFocusWithSubtleThemeDrawing","1","2026-10-05T18:43:54.6307907+00:00","1.7205028","0.75","465.140625"
"desktop-only","InitialOwnedPanelFitsTableAtDesktopWidthAndWrapsWithoutLosingAction","8","2026-10-05T18:43:56.4220372+00:00","2.8064088","2.34375","462.3203125"
"desktop-only","FullHeightRegionsHandOffOneGuideAndRetainKeyboardFocusWithSubtleThemeDrawing","2","2026-10-05T18:43:59.3467375+00:00","1.510468","1.296875","444.23046875"
"desktop-only","InitialOwnedPanelFitsTableAtDesktopWidthAndWrapsWithoutLosingAction","9","2026-10-05T18:44:00.9349931+00:00","2.2354166","2.484375","452.1875"
"desktop-only","FullHeightRegionsHandOffOneGuideAndRetainKeyboardFocusWithSubtleThemeDrawing","3","2026-10-05T18:44:03.2714109+00:00","1.5779092","1.46875","429.015625"
"desktop-only","InitialOwnedPanelFitsTableAtDesktopWidthAndWrapsWithoutLosingAction","10","2026-10-05T18:44:04.8910539+00:00","2.5960708","2.625","561.8125"
"desktop-only","FullHeightRegionsHandOffOneGuideAndRetainKeyboardFocusWithSubtleThemeDrawing","4","2026-10-05T18:44:07.5191331+00:00","1.5087324","1.53125","510.9609375"
"desktop-only","InitialOwnedPanelFitsTableAtDesktopWidthAndWrapsWithoutLosingAction","11","2026-10-05T18:44:09.0956677+00:00","2.2471287","2.34375","478.515625"
"desktop-only","GuideAndRegionsStayInPlotCoordinatesAcrossScrollResizeAndScopeChanges","1","2026-10-05T18:44:11.3825271+00:00","0.4301825","0.515625","486.73046875"
"desktop-only","InitialOwnedPanelFitsTableAtDesktopWidthAndWrapsWithoutLosingAction","12","2026-10-05T18:44:11.8375236+00:00","1.6556246","1.921875","506.53125"
"desktop-only","ZeroHasGuideButUnavailableClosureDoesNotInventPointOrFillAcrossGap","1","2026-10-05T18:44:13.5156930+00:00","0.2089475","0.234375","506.5390625"
"desktop-only","ResponsiveColumnsCenterNetFillViewportAndKeepAccountStableWithExpandedRows","1","2026-10-05T18:44:13.7345251+00:00","0.5768341","0.5625","529.41796875"
"desktop-only","ResponsiveColumnsCenterNetFillViewportAndKeepAccountStableWithExpandedRows","2","2026-10-05T18:44:14.3285041+00:00","0.5536234","0.734375","492.12109375"
"desktop-only","ResponsiveColumnsCenterNetFillViewportAndKeepAccountStableWithExpandedRows","3","2026-10-05T18:44:14.9088267+00:00","0.4888626","0.53125","531.1953125"
"desktop-only","ResponsiveColumnsCenterNetFillViewportAndKeepAccountStableWithExpandedRows","4","2026-10-05T18:44:15.4311332+00:00","0.5940601","0.90625","501.53125"
"desktop-only","ResponsiveColumnsCenterNetFillViewportAndKeepAccountStableWithExpandedRows","5","2026-10-05T18:44:16.1013546+00:00","0.5511413","0.734375","491.703125"
"desktop-only","ResponsiveColumnsCenterNetFillViewportAndKeepAccountStableWithExpandedRows","6","2026-10-05T18:44:16.7006840+00:00","0.4787754","0.734375","492.80078125"
"desktop-only","ResponsiveColumnsCenterNetFillViewportAndKeepAccountStableWithExpandedRows","7","2026-10-05T18:44:17.2003266+00:00","0.5062064","0.859375","486.734375"
"desktop-only","ResponsiveColumnsCenterNetFillViewportAndKeepAccountStableWithExpandedRows","8","2026-10-05T18:44:17.8162137+00:00","0.5487404","0.796875","518.53125"
"desktop-only","ResponsiveColumnsCenterNetFillViewportAndKeepAccountStableWithExpandedRows","9","2026-10-05T18:44:18.4478055+00:00","0.532948","0.671875","519.62109375"
"desktop-only","ResponsiveColumnsCenterNetFillViewportAndKeepAccountStableWithExpandedRows","10","2026-10-05T18:44:19.0842758+00:00","0.7128654","1","521.2109375"
"desktop-only","ResponsiveColumnsCenterNetFillViewportAndKeepAccountStableWithExpandedRows","11","2026-10-05T18:44:19.8910394+00:00","0.7097317","1.015625","536.98046875"
"desktop-only","ResponsiveColumnsCenterNetFillViewportAndKeepAccountStableWithExpandedRows","12","2026-10-05T18:44:20.6690325+00:00","0.6985425","0.96875","523.2890625"
"desktop-only","BackdropConsumesOneWholeClickAndAllClosePathsRestoreSelection","1","2026-10-05T18:44:21.5127400+00:00","2.882953","1.875","501.71484375"
"desktop-only","BackdropConsumesOneWholeClickAndAllClosePathsRestoreSelection","2","2026-10-05T18:44:24.6037084+00:00","2.7716478","2.640625","476.3671875"
"desktop-only","BackdropConsumesOneWholeClickAndAllClosePathsRestoreSelection","3","2026-10-05T18:44:27.6135696+00:00","2.6944177","2.265625","498.83984375"
"desktop-only","BackdropConsumesOneWholeClickAndAllClosePathsRestoreSelection","4","2026-10-05T18:44:30.5814706+00:00","2.7188489","2.40625","535.78125"
"desktop-only","BackdropConsumesOneWholeClickAndAllClosePathsRestoreSelection","5","2026-10-05T18:44:33.4721441+00:00","2.2818819","2.625","508.9609375"
"desktop-only","BackdropConsumesOneWholeClickAndAllClosePathsRestoreSelection","6","2026-10-05T18:44:35.7804903+00:00","2.2551552","2.71875","519.828125"
"desktop-only","WindowControlsRetainModalAndDraftThenCloseInEveryState","1","2026-10-05T18:44:38.1646651+00:00","2.7976079","2.453125","629.37890625"
"desktop-only","WindowControlsRetainModalAndDraftThenCloseInEveryState","2","2026-10-05T18:44:41.0796157+00:00","2.618976","3.484375","689.00390625"
"desktop-only","WindowControlsRetainModalAndDraftThenCloseInEveryState","3","2026-10-05T18:44:43.7133611+00:00","2.1630392","2.765625","707.7890625"
"desktop-only","WindowControlsRetainModalAndDraftThenCloseInEveryState","4","2026-10-05T18:44:45.9055485+00:00","2.8055941","3.28125","704.609375"
"desktop-only","ExpandedTradeUsesSharedEditorAndPreservesModalAtNarrowWidths","1","2026-10-05T18:44:48.7819022+00:00","0.500914","0.53125","674.984375"
"desktop-only","ExpandedTradeUsesSharedEditorAndPreservesModalAtNarrowWidths","2","2026-10-05T18:44:49.3021289+00:00","0.4418937","0.453125","653.60546875"
"desktop-only","ExpandedTradeUsesSharedEditorAndPreservesModalAtNarrowWidths","3","2026-10-05T18:44:49.7953859+00:00","0.4143789","0.75","673.95703125"
"desktop-only","ExpandedTradeUsesSharedEditorAndPreservesModalAtNarrowWidths","4","2026-10-05T18:44:50.2233526+00:00","0.3525179","0.484375","654.390625"
"desktop-only","ClosingWhileLoadingCancelsReadAndRejectsItsLateResultWithoutClearingSelection","1","2026-10-05T18:44:50.5883232+00:00","1.2094658","1.046875","628.11328125"
"desktop-only","OwnedModalDimsCalendarClosesAndRestoresDateFocusWithoutJournalStatusService","1","2026-10-05T18:44:51.8870217+00:00","1.2537372","1.265625","548.26171875"
"desktop-only","OwnedModalDimsCalendarClosesAndRestoresDateFocusWithoutJournalStatusService","2","2026-10-05T18:44:53.1679412+00:00","1.1374763","1.359375","560.01953125"
"desktop-only","OwnedModalDimsCalendarClosesAndRestoresDateFocusWithoutJournalStatusService","3","2026-10-05T18:44:54.3239713+00:00","1.114783","1.5625","491.85546875"
"desktop-only","OwnedModalDimsCalendarClosesAndRestoresDateFocusWithoutJournalStatusService","4","2026-10-05T18:44:55.4576208+00:00","1.132901","1.625","502.6875"
"desktop-only","InlineExecutionBindingRendersExplicitOffsetInBothThemes","1","2026-10-05T18:44:56.6189653+00:00","0.3507854","0.296875","486.71484375"
"desktop-only","InlineExecutionBindingRendersExplicitOffsetInBothThemes","2","2026-10-05T18:44:56.9838030+00:00","0.3348781","0.40625","487.42578125"
"desktop-only","InlineExecutionBindingRendersExplicitOffsetInBothThemes","3","2026-10-05T18:44:57.3317362+00:00","0.3266535","0.46875","489.765625"
"desktop-only","InlineExecutionBindingRendersExplicitOffsetInBothThemes","4","2026-10-05T18:44:57.6880869+00:00","0.3485945","0.25","491.390625"
"desktop-only","InlineExecutionBindingRendersExplicitOffsetInBothThemes","5","2026-10-05T18:44:58.0534231+00:00","0.3008176","0.25","492.52734375"
"desktop-only","InlineExecutionBindingRendersExplicitOffsetInBothThemes","6","2026-10-05T18:44:58.3710274+00:00","0.3127639","0.1875","492.24609375"
"desktop-only","InlineExecutionBindingRendersExplicitOffsetInBothThemes","7","2026-10-05T18:44:58.7032469+00:00","0.3351858","0.25","492.390625"
"desktop-only","InlineExecutionBindingRendersExplicitOffsetInBothThemes","8","2026-10-05T18:44:59.0542878+00:00","0.3001218","0.21875","483.5390625"
"desktop-only","JournalMarkersAndModalActionsStayCompactAcrossThemesAndSizes","1","2026-10-05T18:44:59.4445500+00:00","0.1670301","0.171875","487.58203125"
"desktop-only","JournalMarkersAndModalActionsStayCompactAcrossThemesAndSizes","2","2026-10-05T18:44:59.6233997+00:00","0.1755067","0.171875","491.8671875"
"desktop-only","JournalMarkersAndModalActionsStayCompactAcrossThemesAndSizes","3","2026-10-05T18:44:59.8134971+00:00","0.2034984","0.375","496.69140625"
"desktop-only","JournalMarkersAndModalActionsStayCompactAcrossThemesAndSizes","4","2026-10-05T18:45:00.0313915+00:00","0.2351826","0.296875","497.203125"
"desktop-only","DetachedTableChecksWideAndNarrowLayoutRegardlessOfRunnerDesktop","1","2026-10-05T18:45:00.2813426+00:00","0.0717837","0.0625","497.34765625"
"desktop-only","DetachedTableChecksWideAndNarrowLayoutRegardlessOfRunnerDesktop","2","2026-10-05T18:45:00.3772382+00:00","0.0841893","0.078125","497.5078125"
"desktop-only","DetachedTableChecksWideAndNarrowLayoutRegardlessOfRunnerDesktop","3","2026-10-05T18:45:00.4704222+00:00","0.0998297","0.140625","497.390625"
"desktop-only","DetachedTableChecksWideAndNarrowLayoutRegardlessOfRunnerDesktop","4","2026-10-05T18:45:00.5823036+00:00","0.1018287","0.140625","497.48046875"
"desktop-only","DetachedTableChecksWideAndNarrowLayoutRegardlessOfRunnerDesktop","5","2026-10-05T18:45:00.6944376+00:00","0.124977","0.140625","494.546875"
"desktop-only","DetachedTableChecksWideAndNarrowLayoutRegardlessOfRunnerDesktop","6","2026-10-05T18:45:00.8296606+00:00","0.0928663","0.109375","494.55859375"
"desktop-only","DetachedTableChecksWideAndNarrowLayoutRegardlessOfRunnerDesktop","7","2026-10-05T18:45:00.9340760+00:00","0.0817405","0.140625","494.640625"
"desktop-only","DetachedTableChecksWideAndNarrowLayoutRegardlessOfRunnerDesktop","8","2026-10-05T18:45:01.0262423+00:00","0.103674","0.203125","494.70703125"
"desktop-only","JournalActionClosesProtectedModalBeforeNavigatingAndVetoKeepsTradeDraft","1","2026-10-05T18:45:01.1444838+00:00","1.0800164","0.96875","436.2421875"
"desktop-only","JournalActionClosesProtectedModalBeforeNavigatingAndVetoKeepsTradeDraft","2","2026-10-05T18:45:02.2446731+00:00","1.1261206","1.546875","434.76953125"
"desktop-only","BackdropAndKeyboardCloseKeepInlineDraftUntilUserCancels","1","2026-10-05T18:45:03.4133023+00:00","0.348827","0.359375","452.69140625"
"desktop-only","IntradayChartUsesClosureTimeStepsExactAccessibleTargetsAndUnknownGaps","1","2026-10-05T18:45:03.7847398+00:00","0.0676355","0.0625","436.01953125"
"desktop-only","IntradayChartUsesClosureTimeStepsExactAccessibleTargetsAndUnknownGaps","2","2026-10-05T18:45:03.8664367+00:00","0.0479231","0.046875","435.9609375"
"desktop-only","ViewExpandsExactTradeWhileKeepingModalOpen","1","2026-10-05T18:45:03.9543312+00:00","1.0186093","0.90625","417.28125"
"desktop-only","ViewExpandsExactTradeWhileKeepingModalOpen","2","2026-10-05T18:45:04.9921095+00:00","1.1208871","1.046875","419.78515625"
"desktop-only","ClosedModalRetainsDateFocusAcrossCompetingWindowActivation","1","2026-10-05T18:45:06.1432554+00:00","1.3033371","0.703125","406.0546875"
"bounded-full-built","AxisShowsClockSecondsWhilePointDetailsRetainExplicitOffset","1","2026-10-05T18:47:53.7921034+00:00","2.5447356","1.90625","117.97265625"
"bounded-full-built","FocusVerificationRejectsWrongRetainedTargetRatherThanRepairingIt","1","2026-10-05T18:47:56.3561787+00:00","0.5819764","0.46875","152.4140625"
"bounded-full-built","AxisShowsClockSecondsWhilePointDetailsRetainExplicitOffset","2","2026-10-05T18:47:56.9997689+00:00","0.3480566","0.453125","157.63671875"
"bounded-full-built","AxisShowsClockSecondsWhilePointDetailsRetainExplicitOffset","3","2026-10-05T18:47:57.4663733+00:00","0.2403015","0.25","161.66796875"
"bounded-full-built","InitialOwnedPanelFitsTableAtDesktopWidthAndWrapsWithoutLosingAction","1","2026-10-05T18:47:57.7504471+00:00","2.7969806","2.015625","240.23828125"
"bounded-full-built","AxisShowsClockSecondsWhilePointDetailsRetainExplicitOffset","4","2026-10-05T18:48:00.5823713+00:00","0.3214802","0.3125","242.4609375"
"bounded-full-built","InitialOwnedPanelFitsTableAtDesktopWidthAndWrapsWithoutLosingAction","2","2026-10-05T18:48:00.9448674+00:00","2.3993705","1.84375","395.59765625"
"bounded-full-built","AxisShowsClockSecondsWhilePointDetailsRetainExplicitOffset","5","2026-10-05T18:48:03.4703795+00:00","0.2375085","0.1875","395.19921875"
"bounded-full-built","InitialOwnedPanelFitsTableAtDesktopWidthAndWrapsWithoutLosingAction","3","2026-10-05T18:48:03.7248525+00:00","1.913042","1.828125","382.85546875"
"bounded-full-built","AxisShowsClockSecondsWhilePointDetailsRetainExplicitOffset","6","2026-10-05T18:48:05.7686694+00:00","0.3720506","0.25","392.390625"
"bounded-full-built","InitialOwnedPanelFitsTableAtDesktopWidthAndWrapsWithoutLosingAction","4","2026-10-05T18:48:06.1594396+00:00","2.4004519","1.703125","531.7578125"
"bounded-full-built","CoincidentClosuresShareOneTargetPerCurrencyAndChartsDoNotShareActiveState","1","2026-10-05T18:48:08.6354949+00:00","0.4991398","0.34375","531.140625"
"bounded-full-built","InitialOwnedPanelFitsTableAtDesktopWidthAndWrapsWithoutLosingAction","5","2026-10-05T18:48:09.1592626+00:00","2.3276944","2.09375","539.34375"
"bounded-full-built","FullHeightRegionsHandOffOneGuideAndRetainKeyboardFocusWithSubtleThemeDrawing","1","2026-10-05T18:48:11.5900913+00:00","1.6062186","0.828125","473.4453125"
"bounded-full-built","InitialOwnedPanelFitsTableAtDesktopWidthAndWrapsWithoutLosingAction","6","2026-10-05T18:48:13.2296050+00:00","2.549574","2.125","453.74609375"
"bounded-full-built","FullHeightRegionsHandOffOneGuideAndRetainKeyboardFocusWithSubtleThemeDrawing","2","2026-10-05T18:48:15.8224159+00:00","1.5487931","1.4375","438.8984375"
"bounded-full-built","InitialOwnedPanelFitsTableAtDesktopWidthAndWrapsWithoutLosingAction","7","2026-10-05T18:48:17.5014572+00:00","2.1065972","2.640625","446.35546875"
"bounded-full-built","FullHeightRegionsHandOffOneGuideAndRetainKeyboardFocusWithSubtleThemeDrawing","3","2026-10-05T18:48:19.6439320+00:00","1.3997084","1.4375","439.73828125"
"bounded-full-built","InitialOwnedPanelFitsTableAtDesktopWidthAndWrapsWithoutLosingAction","8","2026-10-05T18:48:21.0758969+00:00","1.8343966","2","436.265625"
"bounded-full-built","FullHeightRegionsHandOffOneGuideAndRetainKeyboardFocusWithSubtleThemeDrawing","4","2026-10-05T18:48:22.9426898+00:00","1.4012726","1.609375","421.29296875"
"bounded-full-built","InitialOwnedPanelFitsTableAtDesktopWidthAndWrapsWithoutLosingAction","9","2026-10-05T18:48:24.3947878+00:00","1.8653718","2.25","434.5625"
"bounded-full-built","GuideAndRegionsStayInPlotCoordinatesAcrossScrollResizeAndScopeChanges","1","2026-10-05T18:48:26.2937942+00:00","0.3525325","0.46875","435.96875"
"bounded-full-built","InitialOwnedPanelFitsTableAtDesktopWidthAndWrapsWithoutLosingAction","10","2026-10-05T18:48:26.6653716+00:00","1.6554089","2.078125","506.8203125"
"bounded-full-built","ZeroHasGuideButUnavailableClosureDoesNotInventPointOrFillAcrossGap","1","2026-10-05T18:48:28.3435899+00:00","0.2220683","0.265625","506.77734375"
"bounded-full-built","InitialOwnedPanelFitsTableAtDesktopWidthAndWrapsWithoutLosingAction","11","2026-10-05T18:48:28.5748584+00:00","1.6537761","2.109375","492.61328125"
"bounded-full-built","InitialOwnedPanelFitsTableAtDesktopWidthAndWrapsWithoutLosingAction","12","2026-10-05T18:48:30.4527621+00:00","2.4974099","2.296875","497.8359375"
"bounded-full-built","ResponsiveColumnsCenterNetFillViewportAndKeepAccountStableWithExpandedRows","1","2026-10-05T18:48:33.3723866+00:00","0.8013065","0.75","500.63671875"
"bounded-full-built","ResponsiveColumnsCenterNetFillViewportAndKeepAccountStableWithExpandedRows","2","2026-10-05T18:48:34.2140834+00:00","0.7855225","0.53125","487.79296875"
"bounded-full-built","ResponsiveColumnsCenterNetFillViewportAndKeepAccountStableWithExpandedRows","3","2026-10-05T18:48:35.1444085+00:00","0.9444523","0.84375","500.3125"
"bounded-full-built","ResponsiveColumnsCenterNetFillViewportAndKeepAccountStableWithExpandedRows","4","2026-10-05T18:48:36.1717790+00:00","0.5522084","1","501.8671875"
"bounded-full-built","ResponsiveColumnsCenterNetFillViewportAndKeepAccountStableWithExpandedRows","5","2026-10-05T18:48:36.7534866+00:00","0.520888","0.765625","484.12890625"
"bounded-full-built","ResponsiveColumnsCenterNetFillViewportAndKeepAccountStableWithExpandedRows","6","2026-10-05T18:48:37.3816189+00:00","0.5951354","0.875","488.62890625"
"bounded-full-built","ResponsiveColumnsCenterNetFillViewportAndKeepAccountStableWithExpandedRows","7","2026-10-05T18:48:38.0325426+00:00","0.5976092","0.640625","497.73046875"
"bounded-full-built","ResponsiveColumnsCenterNetFillViewportAndKeepAccountStableWithExpandedRows","8","2026-10-05T18:48:38.6889027+00:00","0.5348942","0.640625","476.01171875"
"bounded-full-built","ResponsiveColumnsCenterNetFillViewportAndKeepAccountStableWithExpandedRows","9","2026-10-05T18:48:39.2701096+00:00","0.5065407","0.703125","475.17578125"
"bounded-full-built","ResponsiveColumnsCenterNetFillViewportAndKeepAccountStableWithExpandedRows","10","2026-10-05T18:48:39.7968945+00:00","0.4411097","0.640625","475.140625"
"bounded-full-built","ResponsiveColumnsCenterNetFillViewportAndKeepAccountStableWithExpandedRows","11","2026-10-05T18:48:40.2743684+00:00","0.4716451","0.8125","512.6015625"
"bounded-full-built","ResponsiveColumnsCenterNetFillViewportAndKeepAccountStableWithExpandedRows","12","2026-10-05T18:48:40.7666982+00:00","0.4053701","0.625","495.87109375"
"bounded-full-built","BackdropConsumesOneWholeClickAndAllClosePathsRestoreSelection","1","2026-10-05T18:48:41.1890142+00:00","2.4933059","1.71875","474.2109375"
"bounded-full-built","BackdropConsumesOneWholeClickAndAllClosePathsRestoreSelection","2","2026-10-05T18:48:43.7254670+00:00","2.2928715","2.40625","468.5"
"bounded-full-built","BackdropConsumesOneWholeClickAndAllClosePathsRestoreSelection","3","2026-10-05T18:48:46.0742290+00:00","2.1953401","2.5","484.47265625"
"bounded-full-built","BackdropConsumesOneWholeClickAndAllClosePathsRestoreSelection","4","2026-10-05T18:48:48.3000442+00:00","2.1116675","2.234375","497.4375"
"bounded-full-built","BackdropConsumesOneWholeClickAndAllClosePathsRestoreSelection","5","2026-10-05T18:48:50.4426424+00:00","2.0448214","2.40625","480.84375"
"bounded-full-built","BackdropConsumesOneWholeClickAndAllClosePathsRestoreSelection","6","2026-10-05T18:48:52.5586514+00:00","2.265911","2.71875","492.4296875"
"bounded-full-built","WindowControlsRetainModalAndDraftThenCloseInEveryState","1","2026-10-05T18:48:54.8853743+00:00","2.3063707","2","657.8046875"
"bounded-full-built","WindowControlsRetainModalAndDraftThenCloseInEveryState","2","2026-10-05T18:48:57.2485703+00:00","2.3923042","3.078125","690.77734375"
"bounded-full-built","WindowControlsRetainModalAndDraftThenCloseInEveryState","3","2026-10-05T18:48:59.6668940+00:00","2.4573084","3.296875","728.95703125"
"bounded-full-built","WindowControlsRetainModalAndDraftThenCloseInEveryState","4","2026-10-05T18:49:02.1629963+00:00","2.9286339","3.84375","645.47265625"
"bounded-full-built","ExpandedTradeUsesSharedEditorAndPreservesModalAtNarrowWidths","1","2026-10-05T18:49:05.1704324+00:00","0.6420862","0.703125","616.95703125"
"bounded-full-built","ExpandedTradeUsesSharedEditorAndPreservesModalAtNarrowWidths","2","2026-10-05T18:49:05.8345448+00:00","0.4079857","0.59375","598.4140625"
"bounded-full-built","ExpandedTradeUsesSharedEditorAndPreservesModalAtNarrowWidths","3","2026-10-05T18:49:06.2619731+00:00","0.4747302","0.796875","621.19921875"
"bounded-full-built","ExpandedTradeUsesSharedEditorAndPreservesModalAtNarrowWidths","4","2026-10-05T18:49:06.7661006+00:00","0.3383282","0.546875","592.84765625"
"bounded-full-built","ClosingWhileLoadingCancelsReadAndRejectsItsLateResultWithoutClearingSelection","1","2026-10-05T18:49:07.1199937+00:00","1.0667789","0.765625","594.21875"
"bounded-full-built","OwnedModalDimsCalendarClosesAndRestoresDateFocusWithoutJournalStatusService","1","2026-10-05T18:49:08.2090939+00:00","1.1998607","1.21875","527.12890625"
"bounded-full-built","OwnedModalDimsCalendarClosesAndRestoresDateFocusWithoutJournalStatusService","2","2026-10-05T18:49:09.4400795+00:00","1.1204301","1.296875","515.06640625"
"bounded-full-built","OwnedModalDimsCalendarClosesAndRestoresDateFocusWithoutJournalStatusService","3","2026-10-05T18:49:10.6015120+00:00","1.1362992","1.34375","473.65234375"
"bounded-full-built","OwnedModalDimsCalendarClosesAndRestoresDateFocusWithoutJournalStatusService","4","2026-10-05T18:49:11.7592542+00:00","1.0803041","0.921875","486.39453125"
"bounded-full-built","InlineExecutionBindingRendersExplicitOffsetInBothThemes","1","2026-10-05T18:49:12.8597296+00:00","0.3748363","0.34375","455.0078125"
"bounded-full-built","InlineExecutionBindingRendersExplicitOffsetInBothThemes","2","2026-10-05T18:49:13.2667562+00:00","0.334536","0.25","455.31640625"
"bounded-full-built","InlineExecutionBindingRendersExplicitOffsetInBothThemes","3","2026-10-05T18:49:13.8911857+00:00","0.3702901","0.21875","455.04296875"
"bounded-full-built","InlineExecutionBindingRendersExplicitOffsetInBothThemes","4","2026-10-05T18:49:14.3036561+00:00","0.3502214","0.46875","430.8828125"
"bounded-full-built","InlineExecutionBindingRendersExplicitOffsetInBothThemes","5","2026-10-05T18:49:14.6736307+00:00","0.3295266","0.28125","410.88671875"
"bounded-full-built","InlineExecutionBindingRendersExplicitOffsetInBothThemes","6","2026-10-05T18:49:15.0265889+00:00","0.3094593","0.25","403.01171875"
"bounded-full-built","InlineExecutionBindingRendersExplicitOffsetInBothThemes","7","2026-10-05T18:49:15.3572287+00:00","0.3042847","0.25","403.171875"
"bounded-full-built","InlineExecutionBindingRendersExplicitOffsetInBothThemes","8","2026-10-05T18:49:15.6886568+00:00","0.3335132","0.25","403.13671875"
"bounded-full-built","JournalMarkersAndModalActionsStayCompactAcrossThemesAndSizes","1","2026-10-05T18:49:16.0676089+00:00","0.1655112","0.171875","403.6171875"
"bounded-full-built","JournalMarkersAndModalActionsStayCompactAcrossThemesAndSizes","2","2026-10-05T18:49:16.2428445+00:00","0.1415121","0.15625","404.46875"
"bounded-full-built","JournalMarkersAndModalActionsStayCompactAcrossThemesAndSizes","3","2026-10-05T18:49:16.3964123+00:00","0.1646177","0.3125","408.02734375"
"bounded-full-built","JournalMarkersAndModalActionsStayCompactAcrossThemesAndSizes","4","2026-10-05T18:49:16.5719092+00:00","0.1641812","0.21875","417.0078125"
"bounded-full-built","DetachedTableChecksWideAndNarrowLayoutRegardlessOfRunnerDesktop","1","2026-10-05T18:49:16.7509981+00:00","0.1021293","0.09375","415.30859375"
"bounded-full-built","DetachedTableChecksWideAndNarrowLayoutRegardlessOfRunnerDesktop","2","2026-10-05T18:49:16.8645293+00:00","0.0889313","0.09375","416.4765625"
"bounded-full-built","DetachedTableChecksWideAndNarrowLayoutRegardlessOfRunnerDesktop","3","2026-10-05T18:49:16.9641273+00:00","0.0788139","0.078125","416.4765625"
"bounded-full-built","DetachedTableChecksWideAndNarrowLayoutRegardlessOfRunnerDesktop","4","2026-10-05T18:49:17.0620133+00:00","0.0909878","0.125","416.50390625"
"bounded-full-built","DetachedTableChecksWideAndNarrowLayoutRegardlessOfRunnerDesktop","5","2026-10-05T18:49:17.1656162+00:00","0.0641597","0.078125","416.51171875"
"bounded-full-built","DetachedTableChecksWideAndNarrowLayoutRegardlessOfRunnerDesktop","6","2026-10-05T18:49:17.2405819+00:00","0.0996129","0.140625","417.74609375"
"bounded-full-built","DetachedTableChecksWideAndNarrowLayoutRegardlessOfRunnerDesktop","7","2026-10-05T18:49:17.3654115+00:00","0.0888446","0.1875","417.80859375"
"bounded-full-built","DetachedTableChecksWideAndNarrowLayoutRegardlessOfRunnerDesktop","8","2026-10-05T18:49:17.4674343+00:00","0.0973926","0.171875","418.8203125"
"bounded-full-built","JournalActionClosesProtectedModalBeforeNavigatingAndVetoKeepsTradeDraft","1","2026-10-05T18:49:17.5898457+00:00","1.076643","0.8125","446.671875"
"bounded-full-built","JournalActionClosesProtectedModalBeforeNavigatingAndVetoKeepsTradeDraft","2","2026-10-05T18:49:18.6980143+00:00","1.2749582","1.671875","466.34375"
"bounded-full-built","BackdropAndKeyboardCloseKeepInlineDraftUntilUserCancels","1","2026-10-05T18:49:20.0069742+00:00","0.3578934","0.375","485.234375"
"bounded-full-built","IntradayChartUsesClosureTimeStepsExactAccessibleTargetsAndUnknownGaps","1","2026-10-05T18:49:20.3818289+00:00","0.0718289","0.078125","468.95703125"
"bounded-full-built","IntradayChartUsesClosureTimeStepsExactAccessibleTargetsAndUnknownGaps","2","2026-10-05T18:49:20.4640344+00:00","0.0492223","0.0625","466.9375"
"bounded-full-built","ViewExpandsExactTradeWhileKeepingModalOpen","1","2026-10-05T18:49:20.5593816+00:00","1.0310122","0.765625","453.51953125"
"bounded-full-built","ViewExpandsExactTradeWhileKeepingModalOpen","2","2026-10-05T18:49:21.6253372+00:00","1.2447079","1.015625","453.4375"
"bounded-full-built","ClosedModalRetainsDateFocusAcrossCompetingWindowActivation","1","2026-10-05T18:49:22.8907556+00:00","1.3108357","0.640625","439.953125"
"bounded-focused","AxisShowsClockSecondsWhilePointDetailsRetainExplicitOffset","1","2026-10-05T18:50:57.9640179+00:00","1.42587","1.375","118.86328125"
"bounded-focused","FocusVerificationRejectsWrongRetainedTargetRatherThanRepairingIt","1","2026-10-05T18:50:59.4018707+00:00","0.4599737","0.65625","159.13671875"
"bounded-focused","AxisShowsClockSecondsWhilePointDetailsRetainExplicitOffset","2","2026-10-05T18:50:59.9086121+00:00","0.3064335","0.46875","165.55078125"
"bounded-focused","InitialOwnedPanelFitsTableAtDesktopWidthAndWrapsWithoutLosingAction","1","2026-10-05T18:51:00.2793003+00:00","2.1638687","2.015625","240.97265625"
"bounded-focused","AxisShowsClockSecondsWhilePointDetailsRetainExplicitOffset","3","2026-10-05T18:51:02.4894789+00:00","0.3133042","0.375","246.3046875"
"bounded-focused","InitialOwnedPanelFitsTableAtDesktopWidthAndWrapsWithoutLosingAction","2","2026-10-05T18:51:02.8165854+00:00","1.6612813","1.703125","419.61328125"
"bounded-focused","AxisShowsClockSecondsWhilePointDetailsRetainExplicitOffset","4","2026-10-05T18:51:04.5051712+00:00","0.2686021","0.34375","420.2890625"
"bounded-focused","InitialOwnedPanelFitsTableAtDesktopWidthAndWrapsWithoutLosingAction","3","2026-10-05T18:51:04.7894271+00:00","1.4686364","1.765625","412.00390625"
"bounded-focused","AxisShowsClockSecondsWhilePointDetailsRetainExplicitOffset","5","2026-10-05T18:51:06.2956343+00:00","0.2450981","0.25","410.5859375"
"bounded-focused","InitialOwnedPanelFitsTableAtDesktopWidthAndWrapsWithoutLosingAction","4","2026-10-05T18:51:06.5596369+00:00","1.4913977","1.890625","533.50390625"
"bounded-focused","AxisShowsClockSecondsWhilePointDetailsRetainExplicitOffset","6","2026-10-05T18:51:08.0795880+00:00","0.1894199","0.21875","541.98828125"
"bounded-focused","InitialOwnedPanelFitsTableAtDesktopWidthAndWrapsWithoutLosingAction","5","2026-10-05T18:51:08.2791454+00:00","1.4046017","1.734375","551.7265625"
"bounded-focused","CoincidentClosuresShareOneTargetPerCurrencyAndChartsDoNotShareActiveState","1","2026-10-05T18:51:09.7106506+00:00","0.2917134","0.34375","556.4296875"
"bounded-focused","InitialOwnedPanelFitsTableAtDesktopWidthAndWrapsWithoutLosingAction","6","2026-10-05T18:51:10.0109657+00:00","1.2912232","1.734375","499.7578125"
"bounded-focused","FullHeightRegionsHandOffOneGuideAndRetainKeyboardFocusWithSubtleThemeDrawing","1","2026-10-05T18:51:11.3497970+00:00","1.3015501","0.765625","449.2265625"
"bounded-focused","InitialOwnedPanelFitsTableAtDesktopWidthAndWrapsWithoutLosingAction","7","2026-10-05T18:51:12.6790932+00:00","1.7649412","1.765625","459.60546875"
"bounded-focused","FullHeightRegionsHandOffOneGuideAndRetainKeyboardFocusWithSubtleThemeDrawing","2","2026-10-05T18:51:14.4843902+00:00","1.3342363","1.34375","456.86328125"
"bounded-focused","InitialOwnedPanelFitsTableAtDesktopWidthAndWrapsWithoutLosingAction","8","2026-10-05T18:51:15.8547513+00:00","1.8949667","2.390625","456.04296875"
"bounded-focused","FullHeightRegionsHandOffOneGuideAndRetainKeyboardFocusWithSubtleThemeDrawing","3","2026-10-05T18:51:17.7797097+00:00","1.4199364","1.25","433.02734375"
"bounded-focused","InitialOwnedPanelFitsTableAtDesktopWidthAndWrapsWithoutLosingAction","9","2026-10-05T18:51:19.2706575+00:00","1.6799092","1.90625","472.9921875"
"bounded-focused","FullHeightRegionsHandOffOneGuideAndRetainKeyboardFocusWithSubtleThemeDrawing","4","2026-10-05T18:51:20.9703296+00:00","1.2561371","1.15625","456.29296875"
"bounded-focused","InitialOwnedPanelFitsTableAtDesktopWidthAndWrapsWithoutLosingAction","10","2026-10-05T18:51:22.2488543+00:00","1.4345599","1.765625","557.44921875"
"bounded-focused","GuideAndRegionsStayInPlotCoordinatesAcrossScrollResizeAndScopeChanges","1","2026-10-05T18:51:23.7053806+00:00","0.2600188","0.328125","567.73828125"
"bounded-focused","InitialOwnedPanelFitsTableAtDesktopWidthAndWrapsWithoutLosingAction","11","2026-10-05T18:51:23.9739768+00:00","1.2333988","1.84375","535.609375"
"bounded-focused","ZeroHasGuideButUnavailableClosureDoesNotInventPointOrFillAcrossGap","1","2026-10-05T18:51:25.2276532+00:00","0.1641603","0.1875","538.4140625"
"bounded-focused","InitialOwnedPanelFitsTableAtDesktopWidthAndWrapsWithoutLosingAction","12","2026-10-05T18:51:25.4044745+00:00","1.6801263","1.984375","596.52734375"
"bounded-focused","ResponsiveColumnsCenterNetFillViewportAndKeepAccountStableWithExpandedRows","1","2026-10-05T18:51:27.1534441+00:00","0.4669123","0.484375","569.1796875"
"bounded-focused","ResponsiveColumnsCenterNetFillViewportAndKeepAccountStableWithExpandedRows","2","2026-10-05T18:51:27.6355884+00:00","0.3279008","0.390625","526.3515625"
"bounded-focused","ResponsiveColumnsCenterNetFillViewportAndKeepAccountStableWithExpandedRows","3","2026-10-05T18:51:27.9804180+00:00","0.4217927","0.59375","573.01171875"
"bounded-focused","ResponsiveColumnsCenterNetFillViewportAndKeepAccountStableWithExpandedRows","4","2026-10-05T18:51:28.4260047+00:00","0.3630057","0.6875","576.0390625"
"bounded-focused","ResponsiveColumnsCenterNetFillViewportAndKeepAccountStableWithExpandedRows","5","2026-10-05T18:51:28.8024820+00:00","0.3312855","0.421875","540.875"
"bounded-focused","ResponsiveColumnsCenterNetFillViewportAndKeepAccountStableWithExpandedRows","6","2026-10-05T18:51:29.1558427+00:00","0.343957","0.53125","533.4765625"
"bounded-focused","ResponsiveColumnsCenterNetFillViewportAndKeepAccountStableWithExpandedRows","7","2026-10-05T18:51:29.5200770+00:00","0.3216566","0.515625","542.65234375"
"bounded-focused","ResponsiveColumnsCenterNetFillViewportAndKeepAccountStableWithExpandedRows","8","2026-10-05T18:51:29.8542464+00:00","0.3673452","0.65625","546.2734375"
"bounded-focused","ResponsiveColumnsCenterNetFillViewportAndKeepAccountStableWithExpandedRows","9","2026-10-05T18:51:30.2373555+00:00","0.3664664","0.71875","545.8828125"
"bounded-focused","ResponsiveColumnsCenterNetFillViewportAndKeepAccountStableWithExpandedRows","10","2026-10-05T18:51:30.6402051+00:00","0.3505964","0.484375","547.1328125"
"bounded-focused","ResponsiveColumnsCenterNetFillViewportAndKeepAccountStableWithExpandedRows","11","2026-10-05T18:51:31.0039582+00:00","0.3736167","0.59375","564.19140625"
"bounded-focused","ResponsiveColumnsCenterNetFillViewportAndKeepAccountStableWithExpandedRows","12","2026-10-05T18:51:31.3969504+00:00","0.3333166","0.625","535.9296875"
"bounded-focused","BackdropConsumesOneWholeClickAndAllClosePathsRestoreSelection","1","2026-10-05T18:51:31.7447442+00:00","2.0352911","1.390625","481.3515625"
"bounded-focused","BackdropConsumesOneWholeClickAndAllClosePathsRestoreSelection","2","2026-10-05T18:51:33.8319395+00:00","2.0651275","2.296875","479.33984375"
"bounded-focused","BackdropConsumesOneWholeClickAndAllClosePathsRestoreSelection","3","2026-10-05T18:51:35.9472389+00:00","2.2048038","2.3125","494.703125"
"bounded-focused","BackdropConsumesOneWholeClickAndAllClosePathsRestoreSelection","4","2026-10-05T18:51:38.1917065+00:00","2.2116402","2.546875","517.62109375"
"bounded-focused","BackdropConsumesOneWholeClickAndAllClosePathsRestoreSelection","5","2026-10-05T18:51:40.5085730+00:00","2.6748151","2.875","505.5859375"
"bounded-focused","BackdropConsumesOneWholeClickAndAllClosePathsRestoreSelection","6","2026-10-05T18:51:43.2618239+00:00","2.275926","2.734375","518.11328125"
"bounded-focused","WindowControlsRetainModalAndDraftThenCloseInEveryState","1","2026-10-05T18:51:45.6740110+00:00","2.7324301","2.265625","609.484375"
"bounded-focused","WindowControlsRetainModalAndDraftThenCloseInEveryState","2","2026-10-05T18:51:48.4654194+00:00","2.4272314","3.15625","606.7734375"
"bounded-focused","WindowControlsRetainModalAndDraftThenCloseInEveryState","3","2026-10-05T18:51:50.9047836+00:00","2.3941797","3.265625","606.0625"
"bounded-focused","WindowControlsRetainModalAndDraftThenCloseInEveryState","4","2026-10-05T18:51:53.3467318+00:00","2.5323509","2.921875","617.0234375"
"bounded-focused","ExpandedTradeUsesSharedEditorAndPreservesModalAtNarrowWidths","1","2026-10-05T18:51:55.9090190+00:00","0.4361279","0.390625","624.984375"
"bounded-focused","ExpandedTradeUsesSharedEditorAndPreservesModalAtNarrowWidths","2","2026-10-05T18:51:56.3575595+00:00","0.3286914","0.390625","580.8125"
"bounded-focused","ExpandedTradeUsesSharedEditorAndPreservesModalAtNarrowWidths","3","2026-10-05T18:51:56.6984376+00:00","0.3633302","0.546875","594.7421875"
"bounded-focused","ExpandedTradeUsesSharedEditorAndPreservesModalAtNarrowWidths","4","2026-10-05T18:51:57.0745959+00:00","0.3522743","0.515625","582.28515625"
"bounded-focused","ClosingWhileLoadingCancelsReadAndRejectsItsLateResultWithoutClearingSelection","1","2026-10-05T18:51:57.4561842+00:00","1.0213237","0.75","574.40234375"
"bounded-focused","OwnedModalDimsCalendarClosesAndRestoresDateFocusWithoutJournalStatusService","1","2026-10-05T18:51:58.4988847+00:00","1.2639908","1.078125","516.94140625"
"bounded-focused","OwnedModalDimsCalendarClosesAndRestoresDateFocusWithoutJournalStatusService","2","2026-10-05T18:51:59.7987120+00:00","1.1463505","1.5","534.07421875"
"bounded-focused","OwnedModalDimsCalendarClosesAndRestoresDateFocusWithoutJournalStatusService","3","2026-10-05T18:52:00.9645373+00:00","1.0177831","0.609375","496.00390625"
"bounded-focused","OwnedModalDimsCalendarClosesAndRestoresDateFocusWithoutJournalStatusService","4","2026-10-05T18:52:02.0088927+00:00","1.1877208","0.859375","511.67578125"
"bounded-focused","InlineExecutionBindingRendersExplicitOffsetInBothThemes","1","2026-10-05T18:52:03.2160500+00:00","0.3420349","0.265625","454.25"
"bounded-focused","InlineExecutionBindingRendersExplicitOffsetInBothThemes","2","2026-10-05T18:52:03.5831063+00:00","0.3300733","0.375","454.4375"
"bounded-focused","InlineExecutionBindingRendersExplicitOffsetInBothThemes","3","2026-10-05T18:52:03.9332965+00:00","0.3617069","0.328125","458.5"
"bounded-focused","InlineExecutionBindingRendersExplicitOffsetInBothThemes","4","2026-10-05T18:52:04.4241866+00:00","0.299004","0.25","452"
"bounded-focused","InlineExecutionBindingRendersExplicitOffsetInBothThemes","5","2026-10-05T18:52:04.7433546+00:00","0.3621806","0.3125","450.1875"
"bounded-focused","InlineExecutionBindingRendersExplicitOffsetInBothThemes","6","2026-10-05T18:52:05.1878936+00:00","0.2585713","0.140625","452.55859375"
"bounded-focused","InlineExecutionBindingRendersExplicitOffsetInBothThemes","7","2026-10-05T18:52:05.4656272+00:00","0.2077621","0.28125","452.76171875"
"bounded-focused","InlineExecutionBindingRendersExplicitOffsetInBothThemes","8","2026-10-05T18:52:05.6900209+00:00","0.3896859","0.375","455.25"
"bounded-focused","JournalMarkersAndModalActionsStayCompactAcrossThemesAndSizes","1","2026-10-05T18:52:06.1407996+00:00","0.2693827","0.296875","455.29296875"
"bounded-focused","JournalMarkersAndModalActionsStayCompactAcrossThemesAndSizes","2","2026-10-05T18:52:06.4255115+00:00","0.2090861","0.203125","455.671875"
"bounded-focused","JournalMarkersAndModalActionsStayCompactAcrossThemesAndSizes","3","2026-10-05T18:52:06.6456007+00:00","0.212601","0.375","464.30078125"
"bounded-focused","JournalMarkersAndModalActionsStayCompactAcrossThemesAndSizes","4","2026-10-05T18:52:06.8724577+00:00","0.2812458","0.34375","470.52734375"
"bounded-focused","DetachedTableChecksWideAndNarrowLayoutRegardlessOfRunnerDesktop","1","2026-10-05T18:52:07.1716616+00:00","0.1007565","0.09375","470.640625"
"bounded-focused","DetachedTableChecksWideAndNarrowLayoutRegardlessOfRunnerDesktop","2","2026-10-05T18:52:07.2856598+00:00","0.0752769","0.078125","470.6484375"
"bounded-focused","DetachedTableChecksWideAndNarrowLayoutRegardlessOfRunnerDesktop","3","2026-10-05T18:52:07.3721631+00:00","0.1228084","0.171875","467.77734375"
"bounded-focused","DetachedTableChecksWideAndNarrowLayoutRegardlessOfRunnerDesktop","4","2026-10-05T18:52:07.5061851+00:00","0.0850052","0.09375","467.82421875"
"bounded-focused","DetachedTableChecksWideAndNarrowLayoutRegardlessOfRunnerDesktop","5","2026-10-05T18:52:07.6019783+00:00","0.0980918","0.125","468.8125"
"bounded-focused","DetachedTableChecksWideAndNarrowLayoutRegardlessOfRunnerDesktop","6","2026-10-05T18:52:07.7101190+00:00","0.0796216","0.09375","468.8828125"
"bounded-focused","DetachedTableChecksWideAndNarrowLayoutRegardlessOfRunnerDesktop","7","2026-10-05T18:52:07.8041909+00:00","0.1058915","0.109375","466.61328125"
"bounded-focused","DetachedTableChecksWideAndNarrowLayoutRegardlessOfRunnerDesktop","8","2026-10-05T18:52:07.9221603+00:00","0.0675921","0.078125","466.6171875"
"bounded-focused","JournalActionClosesProtectedModalBeforeNavigatingAndVetoKeepsTradeDraft","1","2026-10-05T18:52:08.0043650+00:00","1.0560897","0.953125","419.08984375"
"bounded-focused","JournalActionClosesProtectedModalBeforeNavigatingAndVetoKeepsTradeDraft","2","2026-10-05T18:52:09.0788590+00:00","1.1646232","1.640625","445.27734375"
"bounded-focused","BackdropAndKeyboardCloseKeepInlineDraftUntilUserCancels","1","2026-10-05T18:52:10.2757965+00:00","0.3508208","0.40625","463.6015625"
"bounded-focused","IntradayChartUsesClosureTimeStepsExactAccessibleTargetsAndUnknownGaps","1","2026-10-05T18:52:10.6420970+00:00","0.0584789","0.046875","447.05859375"
"bounded-focused","IntradayChartUsesClosureTimeStepsExactAccessibleTargetsAndUnknownGaps","2","2026-10-05T18:52:10.7096676+00:00","0.0552339","0.0625","442.47265625"
"bounded-focused","ViewExpandsExactTradeWhileKeepingModalOpen","1","2026-10-05T18:52:10.8184610+00:00","0.9946192","0.734375","431.10546875"
"bounded-focused","ViewExpandsExactTradeWhileKeepingModalOpen","2","2026-10-05T18:52:11.8398306+00:00","1.0897385","0.796875","428.25390625"
"bounded-focused","ClosedModalRetainsDateFocusAcrossCompetingWindowActivation","1","2026-10-05T18:52:12.9568665+00:00","1.3840957","0.75","410.21484375"
"bounded-ci-full","AxisShowsClockSecondsWhilePointDetailsRetainExplicitOffset","1","2026-10-05T18:53:49.3166234+00:00","2.0523638","2.03125","118.3671875"
"bounded-ci-full","FocusVerificationRejectsWrongRetainedTargetRatherThanRepairingIt","1","2026-10-05T18:53:51.3989861+00:00","0.5967795","0.4375","153.34375"
"bounded-ci-full","AxisShowsClockSecondsWhilePointDetailsRetainExplicitOffset","2","2026-10-05T18:53:52.0341116+00:00","0.3682378","0.46875","163.6796875"
"bounded-ci-full","AxisShowsClockSecondsWhilePointDetailsRetainExplicitOffset","3","2026-10-05T18:53:52.4524668+00:00","0.3311708","0.390625","168.05859375"
"bounded-ci-full","InitialOwnedPanelFitsTableAtDesktopWidthAndWrapsWithoutLosingAction","1","2026-10-05T18:53:52.8068197+00:00","3.0384398","2.125","241.12109375"
"bounded-ci-full","AxisShowsClockSecondsWhilePointDetailsRetainExplicitOffset","4","2026-10-05T18:53:55.9422995+00:00","0.2946778","0.171875","243.76171875"
"bounded-ci-full","InitialOwnedPanelFitsTableAtDesktopWidthAndWrapsWithoutLosingAction","2","2026-10-05T18:53:56.2618231+00:00","1.9664207","1.859375","420.44921875"
"bounded-ci-full","AxisShowsClockSecondsWhilePointDetailsRetainExplicitOffset","5","2026-10-05T18:53:58.3242874+00:00","0.3303929","0.328125","420.1171875"
"bounded-ci-full","InitialOwnedPanelFitsTableAtDesktopWidthAndWrapsWithoutLosingAction","3","2026-10-05T18:53:58.6660018+00:00","2.2197913","2.140625","409.8515625"
"bounded-ci-full","AxisShowsClockSecondsWhilePointDetailsRetainExplicitOffset","6","2026-10-05T18:54:01.0619253+00:00","0.2942382","0.28125","414.01171875"
"bounded-ci-full","InitialOwnedPanelFitsTableAtDesktopWidthAndWrapsWithoutLosingAction","4","2026-10-05T18:54:01.3682566+00:00","2.2291429","1.65625","514.76171875"
"bounded-ci-full","CoincidentClosuresShareOneTargetPerCurrencyAndChartsDoNotShareActiveState","1","2026-10-05T18:54:03.6536561+00:00","0.405331","0.375","516.69140625"
"bounded-ci-full","InitialOwnedPanelFitsTableAtDesktopWidthAndWrapsWithoutLosingAction","5","2026-10-05T18:54:04.0880749+00:00","2.2797073","2.03125","546.3515625"
"bounded-ci-full","FullHeightRegionsHandOffOneGuideAndRetainKeyboardFocusWithSubtleThemeDrawing","1","2026-10-05T18:54:06.4563836+00:00","1.5706822","0.796875","447.07421875"
"bounded-ci-full","InitialOwnedPanelFitsTableAtDesktopWidthAndWrapsWithoutLosingAction","6","2026-10-05T18:54:08.0731282+00:00","3.1349746","2.515625","481.03125"
"bounded-ci-full","FullHeightRegionsHandOffOneGuideAndRetainKeyboardFocusWithSubtleThemeDrawing","2","2026-10-05T18:54:11.2409606+00:00","1.4566052","1.1875","459.3828125"
"bounded-ci-full","InitialOwnedPanelFitsTableAtDesktopWidthAndWrapsWithoutLosingAction","7","2026-10-05T18:54:12.7429979+00:00","2.6313931","2.578125","461.2421875"
"bounded-ci-full","FullHeightRegionsHandOffOneGuideAndRetainKeyboardFocusWithSubtleThemeDrawing","3","2026-10-05T18:54:15.4372597+00:00","1.5944783","1","428.8984375"
"bounded-ci-full","InitialOwnedPanelFitsTableAtDesktopWidthAndWrapsWithoutLosingAction","8","2026-10-05T18:54:17.1143228+00:00","2.4759412","2.328125","459.15625"
"bounded-ci-full","FullHeightRegionsHandOffOneGuideAndRetainKeyboardFocusWithSubtleThemeDrawing","4","2026-10-05T18:54:19.6386829+00:00","1.3908929","1.203125","440.1328125"
"bounded-ci-full","InitialOwnedPanelFitsTableAtDesktopWidthAndWrapsWithoutLosingAction","9","2026-10-05T18:54:21.0708429+00:00","2.0815203","2.5625","495.6875"
"bounded-ci-full","GuideAndRegionsStayInPlotCoordinatesAcrossScrollResizeAndScopeChanges","1","2026-10-05T18:54:23.1834275+00:00","0.3380559","0.421875","502.8203125"
"bounded-ci-full","InitialOwnedPanelFitsTableAtDesktopWidthAndWrapsWithoutLosingAction","10","2026-10-05T18:54:23.5812097+00:00","1.6305905","2.171875","571.18359375"
"bounded-ci-full","ZeroHasGuideButUnavailableClosureDoesNotInventPointOrFillAcrossGap","1","2026-10-05T18:54:25.2454988+00:00","0.1921068","0.265625","571.20703125"
"bounded-ci-full","InitialOwnedPanelFitsTableAtDesktopWidthAndWrapsWithoutLosingAction","11","2026-10-05T18:54:25.4474031+00:00","1.5432031","1.8125","551.87109375"
"bounded-ci-full","InitialOwnedPanelFitsTableAtDesktopWidthAndWrapsWithoutLosingAction","12","2026-10-05T18:54:27.0766515+00:00","1.5973371","2.234375","540.84765625"
"bounded-ci-full","ResponsiveColumnsCenterNetFillViewportAndKeepAccountStableWithExpandedRows","1","2026-10-05T18:54:28.7615937+00:00","0.6477752","0.765625","565.48046875"
"bounded-ci-full","ResponsiveColumnsCenterNetFillViewportAndKeepAccountStableWithExpandedRows","2","2026-10-05T18:54:29.4647119+00:00","0.5175384","0.703125","530.5703125"
"bounded-ci-full","ResponsiveColumnsCenterNetFillViewportAndKeepAccountStableWithExpandedRows","3","2026-10-05T18:54:30.0048489+00:00","0.5108099","0.75","571.90234375"
"bounded-ci-full","ResponsiveColumnsCenterNetFillViewportAndKeepAccountStableWithExpandedRows","4","2026-10-05T18:54:30.5525416+00:00","0.5073329","0.765625","567.39453125"
"bounded-ci-full","ResponsiveColumnsCenterNetFillViewportAndKeepAccountStableWithExpandedRows","5","2026-10-05T18:54:31.1350551+00:00","0.4548887","0.59375","533.54296875"
"bounded-ci-full","ResponsiveColumnsCenterNetFillViewportAndKeepAccountStableWithExpandedRows","6","2026-10-05T18:54:31.7321103+00:00","0.5027246","0.671875","491.4765625"
"bounded-ci-full","ResponsiveColumnsCenterNetFillViewportAndKeepAccountStableWithExpandedRows","7","2026-10-05T18:54:32.2661984+00:00","0.466658","0.78125","504.20703125"
"bounded-ci-full","ResponsiveColumnsCenterNetFillViewportAndKeepAccountStableWithExpandedRows","8","2026-10-05T18:54:32.7806016+00:00","0.4884089","0.828125","505.6796875"
"bounded-ci-full","ResponsiveColumnsCenterNetFillViewportAndKeepAccountStableWithExpandedRows","9","2026-10-05T18:54:33.2903611+00:00","0.4537027","0.5625","527.34375"
"bounded-ci-full","ResponsiveColumnsCenterNetFillViewportAndKeepAccountStableWithExpandedRows","10","2026-10-05T18:54:33.7709380+00:00","0.4811528","0.71875","518.60546875"
"bounded-ci-full","ResponsiveColumnsCenterNetFillViewportAndKeepAccountStableWithExpandedRows","11","2026-10-05T18:54:34.2672259+00:00","0.4267829","0.609375","545.84375"
"bounded-ci-full","ResponsiveColumnsCenterNetFillViewportAndKeepAccountStableWithExpandedRows","12","2026-10-05T18:54:34.7093993+00:00","0.392738","0.59375","518.82421875"
"bounded-ci-full","BackdropConsumesOneWholeClickAndAllClosePathsRestoreSelection","1","2026-10-05T18:54:35.1183052+00:00","2.2529555","1.75","476.0546875"
"bounded-ci-full","BackdropConsumesOneWholeClickAndAllClosePathsRestoreSelection","2","2026-10-05T18:54:37.4371512+00:00","2.2185709","2.34375","464.41015625"
"bounded-ci-full","BackdropConsumesOneWholeClickAndAllClosePathsRestoreSelection","3","2026-10-05T18:54:39.6970735+00:00","2.3729122","2.578125","480.7578125"
"bounded-ci-full","BackdropConsumesOneWholeClickAndAllClosePathsRestoreSelection","4","2026-10-05T18:54:42.0972088+00:00","2.2283791","2.15625","510.875"
"bounded-ci-full","BackdropConsumesOneWholeClickAndAllClosePathsRestoreSelection","5","2026-10-05T18:54:44.4151097+00:00","2.1942215","2.75","498.984375"
"bounded-ci-full","BackdropConsumesOneWholeClickAndAllClosePathsRestoreSelection","6","2026-10-05T18:54:46.6882493+00:00","2.1418521","2.109375","530.14453125"
"bounded-ci-full","WindowControlsRetainModalAndDraftThenCloseInEveryState","1","2026-10-05T18:54:48.9629303+00:00","3.1036304","2.59375","620.453125"
"bounded-ci-full","WindowControlsRetainModalAndDraftThenCloseInEveryState","2","2026-10-05T18:54:52.3641506+00:00","3.1369709","3.75","595.8125"
"bounded-ci-full","WindowControlsRetainModalAndDraftThenCloseInEveryState","3","2026-10-05T18:54:55.5341474+00:00","2.8673782","3.609375","680.671875"
"bounded-ci-full","WindowControlsRetainModalAndDraftThenCloseInEveryState","4","2026-10-05T18:54:58.5240314+00:00","3.053435","3.84375","624.05078125"
"bounded-ci-full","ExpandedTradeUsesSharedEditorAndPreservesModalAtNarrowWidths","1","2026-10-05T18:55:01.6950185+00:00","0.5048992","0.484375","616.95703125"
"bounded-ci-full","ExpandedTradeUsesSharedEditorAndPreservesModalAtNarrowWidths","2","2026-10-05T18:55:02.2334199+00:00","0.4283351","0.640625","611.07421875"
"bounded-ci-full","ExpandedTradeUsesSharedEditorAndPreservesModalAtNarrowWidths","3","2026-10-05T18:55:02.6816430+00:00","0.4633527","0.75","632.2265625"
"bounded-ci-full","ExpandedTradeUsesSharedEditorAndPreservesModalAtNarrowWidths","4","2026-10-05T18:55:03.1648627+00:00","0.5366933","0.875","601.45703125"
"bounded-ci-full","ClosingWhileLoadingCancelsReadAndRejectsItsLateResultWithoutClearingSelection","1","2026-10-05T18:55:03.7211405+00:00","1.2390889","1.046875","545.7265625"
"bounded-ci-full","OwnedModalDimsCalendarClosesAndRestoresDateFocusWithoutJournalStatusService","1","2026-10-05T18:55:05.0126463+00:00","1.3913089","1.484375","547.203125"
"bounded-ci-full","OwnedModalDimsCalendarClosesAndRestoresDateFocusWithoutJournalStatusService","2","2026-10-05T18:55:06.4748077+00:00","1.3132466","1.703125","531.125"
"bounded-ci-full","OwnedModalDimsCalendarClosesAndRestoresDateFocusWithoutJournalStatusService","3","2026-10-05T18:55:07.8326443+00:00","1.1707206","1.796875","493.53125"
"bounded-ci-full","OwnedModalDimsCalendarClosesAndRestoresDateFocusWithoutJournalStatusService","4","2026-10-05T18:55:09.0528017+00:00","1.4507873","2.015625","498.07421875"
"bounded-ci-full","InlineExecutionBindingRendersExplicitOffsetInBothThemes","1","2026-10-05T18:55:10.5753846+00:00","0.4092","0.375","479.80078125"
"bounded-ci-full","InlineExecutionBindingRendersExplicitOffsetInBothThemes","2","2026-10-05T18:55:11.0632413+00:00","0.2367294","0.296875","479.16015625"
"bounded-ci-full","InlineExecutionBindingRendersExplicitOffsetInBothThemes","3","2026-10-05T18:55:11.4373120+00:00","0.4016581","0.40625","479.296875"
"bounded-ci-full","InlineExecutionBindingRendersExplicitOffsetInBothThemes","4","2026-10-05T18:55:11.9026307+00:00","0.328081","0.359375","473.61328125"
"bounded-ci-full","InlineExecutionBindingRendersExplicitOffsetInBothThemes","5","2026-10-05T18:55:12.3021859+00:00","0.3206914","0.28125","468.95703125"
"bounded-ci-full","InlineExecutionBindingRendersExplicitOffsetInBothThemes","6","2026-10-05T18:55:12.6545912+00:00","0.3150465","0.28125","468.69921875"
"bounded-ci-full","InlineExecutionBindingRendersExplicitOffsetInBothThemes","7","2026-10-05T18:55:12.9965959+00:00","0.3669129","0.328125","468.7265625"
"bounded-ci-full","InlineExecutionBindingRendersExplicitOffsetInBothThemes","8","2026-10-05T18:55:13.4308221+00:00","0.3428699","0.359375","468.9765625"
"bounded-ci-full","JournalMarkersAndModalActionsStayCompactAcrossThemesAndSizes","1","2026-10-05T18:55:13.8488030+00:00","0.2190192","0.203125","469.06640625"
"bounded-ci-full","JournalMarkersAndModalActionsStayCompactAcrossThemesAndSizes","2","2026-10-05T18:55:14.0948670+00:00","0.2714045","0.296875","470.29296875"
"bounded-ci-full","JournalMarkersAndModalActionsStayCompactAcrossThemesAndSizes","3","2026-10-05T18:55:14.3879162+00:00","0.2685652","0.5","479.77734375"
"bounded-ci-full","JournalMarkersAndModalActionsStayCompactAcrossThemesAndSizes","4","2026-10-05T18:55:14.6986408+00:00","0.3265859","0.375","484.09765625"
"bounded-ci-full","DetachedTableChecksWideAndNarrowLayoutRegardlessOfRunnerDesktop","1","2026-10-05T18:55:15.0479523+00:00","0.1534692","0.140625","485.8984375"
"bounded-ci-full","DetachedTableChecksWideAndNarrowLayoutRegardlessOfRunnerDesktop","2","2026-10-05T18:55:15.2475778+00:00","0.1320277","0.15625","488.390625"
"bounded-ci-full","DetachedTableChecksWideAndNarrowLayoutRegardlessOfRunnerDesktop","3","2026-10-05T18:55:15.4136329+00:00","0.1189636","0.171875","490.7265625"
"bounded-ci-full","DetachedTableChecksWideAndNarrowLayoutRegardlessOfRunnerDesktop","4","2026-10-05T18:55:15.5798894+00:00","0.1815567","0.203125","492.984375"
"bounded-ci-full","DetachedTableChecksWideAndNarrowLayoutRegardlessOfRunnerDesktop","5","2026-10-05T18:55:15.7843790+00:00","0.1250535","0.125","493.20703125"
"bounded-ci-full","DetachedTableChecksWideAndNarrowLayoutRegardlessOfRunnerDesktop","6","2026-10-05T18:55:15.9336030+00:00","0.2303597","0.28125","492.87109375"
"bounded-ci-full","DetachedTableChecksWideAndNarrowLayoutRegardlessOfRunnerDesktop","7","2026-10-05T18:55:16.1842392+00:00","0.1104223","0.140625","492.90625"
"bounded-ci-full","DetachedTableChecksWideAndNarrowLayoutRegardlessOfRunnerDesktop","8","2026-10-05T18:55:16.3309203+00:00","0.1411134","0.25","492.94140625"
"bounded-ci-full","JournalActionClosesProtectedModalBeforeNavigatingAndVetoKeepsTradeDraft","1","2026-10-05T18:55:16.5160811+00:00","1.4241754","1.171875","527.69140625"
"bounded-ci-full","JournalActionClosesProtectedModalBeforeNavigatingAndVetoKeepsTradeDraft","2","2026-10-05T18:55:18.0897726+00:00","1.299601","1.890625","487.32421875"
"bounded-ci-full","BackdropAndKeyboardCloseKeepInlineDraftUntilUserCancels","1","2026-10-05T18:55:19.5145405+00:00","0.4351297","0.375","457.8515625"
"bounded-ci-full","IntradayChartUsesClosureTimeStepsExactAccessibleTargetsAndUnknownGaps","1","2026-10-05T18:55:19.9737629+00:00","0.0974611","0.09375","461.0703125"
"bounded-ci-full","IntradayChartUsesClosureTimeStepsExactAccessibleTargetsAndUnknownGaps","2","2026-10-05T18:55:20.0853089+00:00","0.0552579","0.0625","459.984375"
"bounded-ci-full","ViewExpandsExactTradeWhileKeepingModalOpen","1","2026-10-05T18:55:20.2111259+00:00","1.2985265","1.296875","455.046875"
"bounded-ci-full","ViewExpandsExactTradeWhileKeepingModalOpen","2","2026-10-05T18:55:21.5694201+00:00","1.2495511","1.53125","447.58203125"
"bounded-ci-full","ClosedModalRetainsDateFocusAcrossCompetingWindowActivation","1","2026-10-05T18:55:22.9540881+00:00","1.4293508","0.796875","433.7890625"
